<?xml version="1.0" encoding="US-ASCII"?>
<l:l10n xmlns:l="http://docbook.sourceforge.net/xmlns/l10n/1.0" language="ca" english-language-name="Catalan">

<!-- This file is generated automatically. -->
<!-- Do not edit this file by hand! -->
<!-- See http://docbook.sourceforge.net/ -->
<!-- To update this file: edit the corresponding document at -->
<!-- http://cvs.sourceforge.net/cgi-bin/viewcvs.cgi/docbook/gentext/locale/ -->

   <l:gentext key="Abstract" text="Resum"/>
   <l:gentext key="abstract" text="Resum"/>
   <l:gentext key="Answer" text="Answer"/>
   <l:gentext key="answer" text="Answer"/>
   <l:gentext key="appendix" text="ap&#232;ndex"/>
   <l:gentext key="Appendix" text="Ap&#232;ndix"/>
   <l:gentext key="Article" text="Article"/>
   <l:gentext key="article" text="Article"/>
   <l:gentext key="Bibliography" text="Bibliografia"/>
   <l:gentext key="bibliography" text="Bibliografia"/>
   <l:gentext key="Book" text="Llibre"/>
   <l:gentext key="book" text="Llibre"/>
   <l:gentext key="Caution" text="Atenci&#243;"/>
   <l:gentext key="caution" text="Atenci&#243;"/>
   <l:gentext key="CAUTION" text="ATENCI&#211;"/>
   <l:gentext key="Chapter" text="Cap&#237;tol"/>
   <l:gentext key="chapter" text="cap&#237;tol"/>
   <l:gentext key="Colophon" text="Colophon"/>
   <l:gentext key="colophon" text="Colophon"/>
   <l:gentext key="Copyright" text="Dret de reproducci&#243;"/>
   <l:gentext key="copyright" text="Dret de reproducci&#243;"/>
   <l:gentext key="Dedication" text="Dedicat&#242;ria"/>
   <l:gentext key="dedication" text="Dedicat&#242;ria"/>
   <l:gentext key="Edition" text="Edici&#243;"/>
   <l:gentext key="edition" text="Edici&#243;"/>
   <l:gentext key="Equation" text="Equaci&#243;"/>
   <l:gentext key="equation" text="Equaci&#243;"/>
   <l:gentext key="Example" text="Exemple"/>
   <l:gentext key="example" text="Exemple"/>
   <l:gentext key="Figure" text="Figura"/>
   <l:gentext key="figure" text="Figura"/>
   <l:gentext key="Glossary" text="Glossari"/>
   <l:gentext key="glossary" text="Glossari"/>
   <l:gentext key="GlossSee" text="Veure"/>
   <l:gentext key="glosssee" text="Veure"/>
   <l:gentext key="GlossSeeAlso" text="Veure tamb&#233;"/>
   <l:gentext key="glossseealso" text="Veure tamb&#233;"/>
   <l:gentext key="IMPORTANT" text="IMPORTANT"/>
   <l:gentext key="Important" text="Important"/>
   <l:gentext key="important" text="Important"/>
   <l:gentext key="Index" text="&#205;ndex alfab&#232;tic"/>
   <l:gentext key="index" text="&#205;ndex alfab&#232;tic"/>
   <l:gentext key="ISBN" text="ISBN"/>
   <l:gentext key="isbn" text="ISBN"/>
   <l:gentext key="LegalNotice" text=""/>
   <l:gentext key="legalnotice" text=""/>
   <l:gentext key="MsgAud" text="Audi&#232;ncia"/>
   <l:gentext key="msgaud" text="Audi&#232;ncia"/>
   <l:gentext key="MsgLevel" text="Nivell"/>
   <l:gentext key="msglevel" text="Nivell"/>
   <l:gentext key="MsgOrig" text="Origen"/>
   <l:gentext key="msgorig" text="Origen"/>
   <l:gentext key="note" text="Nota"/>
   <l:gentext key="NOTE" text="NOTA"/>
   <l:gentext key="Note" text="Nota"/>
   <l:gentext key="Part" text="Part"/>
   <l:gentext key="part" text="Part"/>
   <l:gentext key="Preface" text="Prefaci"/>
   <l:gentext key="preface" text="Prefaci"/>
   <l:gentext key="Procedure" text="Procediment"/>
   <l:gentext key="procedure" text="Procediment"/>
   <l:gentext key="ProductionSet" text="Production"/>
   <l:gentext key="PubDate" text="Data de publicaci&#243;"/>
   <l:gentext key="pubdate" text="Data de publicaci&#243;"/>
   <l:gentext key="Published" text="Data de publicaci&#243;"/>
   <l:gentext key="published" text="Data de publicaci&#243;"/>
   <l:gentext key="Question" text="Question"/>
   <l:gentext key="question" text="Question"/>
   <l:gentext key="RefEntry" text=""/>
   <l:gentext key="refentry" text=""/>
   <l:gentext key="Reference" text="Refer&#232;ncia"/>
   <l:gentext key="reference" text="Refer&#232;ncia"/>
   <l:gentext key="RefName" text="Nom"/>
   <l:gentext key="refname" text="Nom"/>
   <l:gentext key="RefSection" text=""/>
   <l:gentext key="refsection" text=""/>
   <l:gentext key="RefSynopsisDiv" text="Synopsis"/>
   <l:gentext key="refsynopsisdiv" text="Synopsis"/>
   <l:gentext key="RevHistory" text="Historial de revisions"/>
   <l:gentext key="revhistory" text="Historial de revisions"/>
   <l:gentext key="Revision" text="Revisi&#243;"/>
   <l:gentext key="revision" text="Revisi&#243;"/>
   <l:gentext key="sect1" text="Secci&#243;"/>
   <l:gentext key="sect2" text="Secci&#243;"/>
   <l:gentext key="sect3" text="Secci&#243;"/>
   <l:gentext key="sect4" text="Secci&#243;"/>
   <l:gentext key="sect5" text="Secci&#243;"/>
   <l:gentext key="Section" text="Secci&#243;"/>
   <l:gentext key="section" text="secci&#243;"/>
   <l:gentext key="see" text="Veure"/>
   <l:gentext key="See" text="Veure"/>
   <l:gentext key="Seealso" text="Veure tamb&#233;"/>
   <l:gentext key="seealso" text="Veure tambi&#233;"/>
   <l:gentext key="SeeAlso" text="Veure tambi&#233;"/>
   <l:gentext key="Set" text="Conjunt"/>
   <l:gentext key="set" text="Conjunt"/>
   <l:gentext key="SetIndex" text="&#205;ndex del conjunt"/>
   <l:gentext key="setindex" text="&#205;ndex del conjunt"/>
   <l:gentext key="Sidebar" text=""/>
   <l:gentext key="sidebar" text="glossa"/>
   <l:gentext key="step" text="pas"/>
   <l:gentext key="Step" text="Pas"/>
   <l:gentext key="table" text="Taula"/>
   <l:gentext key="Table" text="Taula"/>
   <l:gentext key="TIP" text="SUGGERIMENT"/>
   <l:gentext key="Tip" text="Suggeriment"/>
   <l:gentext key="tip" text="Suggeriment"/>
   <l:gentext key="WARNING" text="AV&#205;S"/>
   <l:gentext key="Warning" text="Av&#237;s"/>
   <l:gentext key="warning" text="Av&#237;s"/>
   <l:gentext key="and" text="i"/>
   <l:gentext key="by" text="per"/>
   <l:gentext key="Edited" text="Editat"/>
   <l:gentext key="edited" text="Editat"/>
   <l:gentext key="Editedby" text="Editat per"/>
   <l:gentext key="editedby" text="Editat per"/>
   <l:gentext key="in" text="a"/>
   <l:gentext key="lastlistcomma" text=","/>
   <l:gentext key="listcomma" text=","/>
   <l:gentext key="nonexistantelement" text="element inexistent"/>
   <l:gentext key="notes" text="Notes"/>
   <l:gentext key="Notes" text="Notes"/>
   <l:gentext key="Pgs" text="P&#224;gs."/>
   <l:gentext key="pgs" text="P&#224;gs."/>
   <l:gentext key="Revisedby" text="Revised by: "/>
   <l:gentext key="revisedby" text="Revised by: "/>
   <l:gentext key="TableNotes" text="Notes"/>
   <l:gentext key="tablenotes" text="Notes"/>
   <l:gentext key="TableofContents" text="Sumari"/>
   <l:gentext key="tableofcontents" text="Sumari"/>
   <l:gentext key="unexpectedelementname" text="Nom d'element no esperat"/>
   <l:gentext key="unsupported" text="no reconeguda"/>
   <l:gentext key="xrefto" text="xref a"/>
   <l:gentext key="listofequations" text="&#205;ndex d'equacions"/>
   <l:gentext key="ListofEquations" text="&#205;ndex d'equacions"/>
   <l:gentext key="ListofExamples" text="&#205;ndex d'exemples"/>
   <l:gentext key="listofexamples" text="&#205;ndex d'exemples"/>
   <l:gentext key="ListofFigures" text="&#205;ndex de figures"/>
   <l:gentext key="listoffigures" text="&#205;ndex de figures"/>
   <l:gentext key="listoftables" text="&#205;ndex de taules"/>
   <l:gentext key="ListofTables" text="&#205;ndex de taules"/>
   <l:gentext key="ListofUnknown" text="&#205;ndex de desconegut ?"/>
   <l:gentext key="listofunknown" text="&#205;ndex de desconegut ?"/>
   <l:gentext key="nav-home" text="Inici"/>
   <l:gentext key="nav-next" text="Seguent"/>
   <l:gentext key="nav-next-sibling" text="Avancar"/>
   <l:gentext key="nav-prev" text="Anterior"/>
   <l:gentext key="nav-prev-sibling" text="Retrocedir"/>
   <l:gentext key="nav-up" text="Pujar"/>
   <l:gentext key="Draft" text="Draft"/>
   <l:gentext key="above" text="above"/>
   <l:gentext key="below" text="below"/>
   <l:gentext key="sectioncalled" text="the section called"/>
   <l:gentext key="index symbols" text="Symbols"/>
   <l:gentext key="lowercase.alpha" text="abcdefghijklmnopqrstuvwxyz"/>
   <l:gentext key="uppercase.alpha" text="ABCDEFGHIJKLMNOPQRSTUVWXYZ"/>
   <l:dingbat key="startquote" text="&#8220;"/>
   <l:dingbat key="endquote" text="&#8221;"/>
   <l:dingbat key="nestedstartquote" text="&#8216;"/>
   <l:dingbat key="nestedendquote" text="&#8217;"/>
   <l:dingbat key="bullet" text="&#8226;"/>

   <l:context name="styles">
      <l:template name="person-name" text="last-first"/>
   </l:context>

   <l:context name="title">
      <l:template name="abstract" text="%t"/>
      <l:template name="answer" text="%t"/>
      <l:template name="appendix" text="Ap&#232;ndix %n. %t"/>
      <l:template name="article" text="%t"/>
      <l:template name="authorblurb" text="%t"/>
      <l:template name="bibliodiv" text="%t"/>
      <l:template name="biblioentry" text="%t"/>
      <l:template name="bibliography" text="%t"/>
      <l:template name="bibliomixed" text="%t"/>
      <l:template name="bibliomset" text="%t"/>
      <l:template name="biblioset" text="%t"/>
      <l:template name="blockquote" text="%t"/>
      <l:template name="book" text="%t"/>
      <l:template name="calloutlist" text="%t"/>
      <l:template name="caution" text="%t"/>
      <l:template name="chapter" text="Cap&#237;tol %n. %t"/>
      <l:template name="colophon" text="%t"/>
      <l:template name="dedication" text="%t"/>
      <l:template name="equation" text="Equaci&#243; %n. %t"/>
      <l:template name="example" text="Exemple %n. %t"/>
      <l:template name="figure" text="Figura %n. %t"/>
      <l:template name="formalpara" text="%t"/>
      <l:template name="glossary" text="%t"/>
      <l:template name="glossdiv" text="%t"/>
      <l:template name="important" text="%t"/>
      <l:template name="index" text="%t"/>
      <l:template name="indexdiv" text="%t"/>
      <l:template name="itemizedlist" text="%t"/>
      <l:template name="legalnotice" text="%t"/>
      <l:template name="listitem" text=""/>
      <l:template name="lot" text="%t"/>
      <l:template name="msg" text="%t"/>
      <l:template name="msgexplan" text="%t"/>
      <l:template name="msgmain" text="%t"/>
      <l:template name="msgrel" text="%t"/>
      <l:template name="msgset" text="%t"/>
      <l:template name="msgsub" text="%t"/>
      <l:template name="note" text="%t"/>
      <l:template name="orderedlist" text="%t"/>
      <l:template name="part" text="Part %n. %t"/>
      <l:template name="partintro" text="%t"/>
      <l:template name="preface" text="%t"/>
      <l:template name="procedure" text="%t"/>
      <l:template name="procedure.formal" text="Procediment&#160;%n.&#160;%t"/>
      <l:template name="productionset" text="%t"/>
      <l:template name="productionset.formal" text="Production&#160;%n"/>
      <l:template name="qandadiv" text="%t"/>
      <l:template name="qandaentry" text="%t"/>
      <l:template name="qandaset" text="%t"/>
      <l:template name="question" text="%t"/>
      <l:template name="refentry" text="%t"/>
      <l:template name="reference" text="%t"/>
      <l:template name="refsection" text="%t"/>
      <l:template name="refsect1" text="%t"/>
      <l:template name="refsect2" text="%t"/>
      <l:template name="refsect3" text="%t"/>
      <l:template name="refsynopsisdiv" text="%t"/>
      <l:template name="refsynopsisdivinfo" text="%t"/>
      <l:template name="segmentedlist" text="%t"/>
      <l:template name="set" text="%t"/>
      <l:template name="setindex" text="%t"/>
      <l:template name="sidebar" text="%t"/>
      <l:template name="step" text="%t"/>
      <l:template name="table" text="Taula %n. %t"/>
      <l:template name="tip" text="%t"/>
      <l:template name="toc" text="%t"/>
      <l:template name="variablelist" text="%t"/>
      <l:template name="warning" text="%t"/>
   </l:context>

   <l:context name="title-unnumbered">
      <l:template name="appendix" text="%t"/>
      <l:template name="bridgehead" text="%t"/>
      <l:template name="chapter" text="%t"/>
      <l:template name="sect1" text="%t"/>
      <l:template name="sect2" text="%t"/>
      <l:template name="sect3" text="%t"/>
      <l:template name="sect4" text="%t"/>
      <l:template name="sect5" text="%t"/>
      <l:template name="section" text="%t"/>
      <l:template name="simplesect" text="%t"/>
   </l:context>

   <l:context name="title-numbered">
      <l:template name="appendix" text="Ap&#232;ndix %n. %t"/>
      <l:template name="bridgehead" text="%n.&#160;%t"/>
      <l:template name="chapter" text="Cap&#237;tol %n. %t"/>
      <l:template name="sect1" text="%n. %t"/>
      <l:template name="sect2" text="%n. %t"/>
      <l:template name="sect3" text="%n. %t"/>
      <l:template name="sect4" text="%n. %t"/>
      <l:template name="sect5" text="%n. %t"/>
      <l:template name="section" text="%n. %t"/>
      <l:template name="simplesect" text="%n. %t"/>
   </l:context>

   <l:context name="subtitle">
      <l:template name="appendix" text="%s"/>
      <l:template name="article" text="%s"/>
      <l:template name="bibliodiv" text="%s"/>
      <l:template name="biblioentry" text="%s"/>
      <l:template name="bibliography" text="%s"/>
      <l:template name="bibliomixed" text="%s"/>
      <l:template name="bibliomset" text="%s"/>
      <l:template name="biblioset" text="%s"/>
      <l:template name="book" text="%s"/>
      <l:template name="chapter" text="%s"/>
      <l:template name="colophon" text="%s"/>
      <l:template name="dedication" text="%s"/>
      <l:template name="glossary" text="%s"/>
      <l:template name="glossdiv" text="%s"/>
      <l:template name="index" text="%s"/>
      <l:template name="indexdiv" text="%s"/>
      <l:template name="lot" text="%s"/>
      <l:template name="part" text="%s"/>
      <l:template name="partintro" text="%s"/>
      <l:template name="preface" text="%s"/>
      <l:template name="refentry" text="%s"/>
      <l:template name="reference" text="%s"/>
      <l:template name="refsection" text="%s"/>
      <l:template name="refsect1" text="%s"/>
      <l:template name="refsect2" text="%s"/>
      <l:template name="refsect3" text="%s"/>
      <l:template name="refsynopsisdiv" text="%s"/>
      <l:template name="sect1" text="%s"/>
      <l:template name="sect2" text="%s"/>
      <l:template name="sect3" text="%s"/>
      <l:template name="sect4" text="%s"/>
      <l:template name="sect5" text="%s"/>
      <l:template name="section" text="%s"/>
      <l:template name="set" text="%s"/>
      <l:template name="setindex" text="%s"/>
      <l:template name="sidebar" text="%s"/>
      <l:template name="simplesect" text="%s"/>
      <l:template name="toc" text="%s"/>
   </l:context>

   <l:context name="xref">
      <l:template name="abstract" text="%t"/>
      <l:template name="answer" text="Answer&#160;%n"/>
      <l:template name="appendix" text="Ap&#232;ndix %n. %t"/>
      <l:template name="article" text="%t"/>
      <l:template name="authorblurb" text="%t"/>
      <l:template name="bibliodiv" text="%t"/>
      <l:template name="bibliography" text="%t"/>
      <l:template name="bibliomset" text="%t"/>
      <l:template name="biblioset" text="%t"/>
      <l:template name="blockquote" text="%t"/>
      <l:template name="book" text="%t"/>
      <l:template name="calloutlist" text="%t"/>
      <l:template name="caution" text="%t"/>
      <l:template name="chapter" text="Cap&#237;tol %n. %t"/>
      <l:template name="colophon" text="%t"/>
      <l:template name="constraintdef" text="%t"/>
      <l:template name="dedication" text="%t"/>
      <l:template name="equation" text="Equaci&#243;&#160;%n"/>
      <l:template name="example" text="Exemple %n. %t"/>
      <l:template name="figure" text="Figura %n. %t"/>
      <l:template name="formalpara" text="%t"/>
      <l:template name="glossary" text="%t"/>
      <l:template name="glossdiv" text="%t"/>
      <l:template name="important" text="%t"/>
      <l:template name="index" text="%t"/>
      <l:template name="indexdiv" text="%t"/>
      <l:template name="itemizedlist" text="%t"/>
      <l:template name="legalnotice" text="%t"/>
      <l:template name="listitem" text="%n"/>
      <l:template name="lot" text="%t"/>
      <l:template name="msg" text="%t"/>
      <l:template name="msgexplan" text="%t"/>
      <l:template name="msgmain" text="%t"/>
      <l:template name="msgrel" text="%t"/>
      <l:template name="msgset" text="%t"/>
      <l:template name="msgsub" text="%t"/>
      <l:template name="note" text="%t"/>
      <l:template name="orderedlist" text="%t"/>
      <l:template name="page.citation" text=" [%p]"/>
      <l:template name="part" text="Part %n. %t"/>
      <l:template name="partintro" text="%t"/>
      <l:template name="preface" text="%t"/>
      <l:template name="procedure" text="Procediment&#160;%n"/>
      <l:template name="productionset" text="%t"/>
      <l:template name="qandadiv" text="%t"/>
      <l:template name="qandaentry" text="Question&#160;%n"/>
      <l:template name="qandaset" text="%t"/>
      <l:template name="question" text="Question&#160;%n"/>
      <l:template name="reference" text="%t"/>
      <l:template name="reference" text="%t"/>
      <l:template name="refsection" text="%t"/>
      <l:template name="refsect1" text="%t"/>
      <l:template name="refsect2" text="%t"/>
      <l:template name="refsect3" text="%t"/>
      <l:template name="refsynopsisdiv" text="%t"/>
      <l:template name="segmentedlist" text="%t"/>
      <l:template name="set" text="%t"/>
      <l:template name="setindex" text="%t"/>
      <l:template name="sidebar" text="%t"/>
      <l:template name="table" text="Taula %n. %t"/>
      <l:template name="tip" text="%t"/>
      <l:template name="toc" text="%t"/>
      <l:template name="variablelist" text="%t"/>
      <l:template name="varlistentry" text="%n"/>
      <l:template name="warning" text="%t"/>
   </l:context>

   <l:context name="section-xref">
      <l:template name="bridgehead" text=" &#8220;%t&#8221;"/>
      <l:template name="refsection" text="&#8220;%t&#8221;"/>
      <l:template name="refsect1" text="&#8220;%t&#8221;"/>
      <l:template name="refsect2" text="&#8220;%t&#8221;"/>
      <l:template name="refsect3" text="&#8220;%t&#8221;"/>
      <l:template name="sect1" text="&#8220;%t&#8221;"/>
      <l:template name="sect2" text="&#8220;%t&#8221;"/>
      <l:template name="sect3" text="&#8220;%t&#8221;"/>
      <l:template name="sect4" text="&#8220;%t&#8221;"/>
      <l:template name="sect5" text="&#8220;%t&#8221;"/>
      <l:template name="section" text="&#8220;%t&#8221;"/>
      <l:template name="simplesect" text="&#8220;%t&#8221;"/>
   </l:context>

   <l:context name="section-xref-numbered">
      <l:template name="bridgehead" text="&#8220;%t&#8221;"/>
      <l:template name="refsection" text="&#8220;%t&#8221;"/>
      <l:template name="refsect1" text="&#8220;%t&#8221;"/>
      <l:template name="refsect2" text="&#8220;%t&#8221;"/>
      <l:template name="refsect3" text="&#8220;%t&#8221;"/>
      <l:template name="sect1" text="Secci&#243; %n"/>
      <l:template name="sect2" text="Secci&#243; %n"/>
      <l:template name="sect3" text="Secci&#243; %n"/>
      <l:template name="sect4" text="Secci&#243; %n"/>
      <l:template name="sect5" text="Secci&#243; %n"/>
      <l:template name="section" text="Secci&#243; %n"/>
      <l:template name="simplesect" text="&#8220;%t&#8221;"/>
   </l:context>

   <l:context name="authorgroup">
      <l:template name="sep" text=", "/>
      <l:template name="sep2" text=" i "/>
      <l:template name="seplast" text=", i "/>
   </l:context>

   <l:context name="glossary">
      <l:template name="see" text="Veure "/>
      <l:template name="seealso" text="Veure tamb&#233; "/>
   </l:context>

   <l:context name="msgset">
      <l:template name="MsgAud" text="Audi&#232;ncia: "/>
      <l:template name="MsgLevel" text="Nivell: "/>
      <l:template name="MsgOrig" text="Origen: "/>
   </l:context>
</l:l10n>
