<?xml version="1.0" encoding="US-ASCII"?>
<l:l10n xmlns:l="http://docbook.sourceforge.net/xmlns/l10n/1.0" language="cs" english-language-name="Czech">

<!-- This file is generated automatically. -->
<!-- Do not edit this file by hand! -->
<!-- See http://docbook.sourceforge.net/ -->
<!-- To update this file: edit the corresponding document at -->
<!-- http://cvs.sourceforge.net/cgi-bin/viewcvs.cgi/docbook/gentext/locale/ -->

   <l:gentext key="Abstract" text="Abstrakt"/>
   <l:gentext key="abstract" text="Abstrakt"/>
   <l:gentext key="Answer" text="Odpov&#283;&#271;:"/>
   <l:gentext key="answer" text="Odpov&#283;&#271;:"/>
   <l:gentext key="Appendix" text="P&#345;&#237;loha"/>
   <l:gentext key="appendix" text="P&#345;&#237;loha"/>
   <l:gentext key="Article" text="&#268;l&#225;nek"/>
   <l:gentext key="article" text="&#268;l&#225;nek"/>
   <l:gentext key="Bibliography" text="Bibliografie"/>
   <l:gentext key="bibliography" text="Bibliografie"/>
   <l:gentext key="Book" text="Kniha"/>
   <l:gentext key="book" text="Kniha"/>
   <l:gentext key="CAUTION" text="V&#253;straha"/>
   <l:gentext key="Caution" text="V&#253;straha"/>
   <l:gentext key="caution" text="V&#253;straha"/>
   <l:gentext key="Chapter" text="Kapitola"/>
   <l:gentext key="chapter" text="Kapitola"/>
   <l:gentext key="Colophon" text="Tir&#225;&#382;"/>
   <l:gentext key="colophon" text="Tir&#225;&#382;"/>
   <l:gentext key="Copyright" text="Copyright"/>
   <l:gentext key="copyright" text="Copyright"/>
   <l:gentext key="Dedication" text="V&#283;nov&#225;n&#237;"/>
   <l:gentext key="dedication" text="V&#283;nov&#225;n&#237;"/>
   <l:gentext key="Edition" text="Vyd&#225;n&#237;"/>
   <l:gentext key="edition" text="Vyd&#225;n&#237;"/>
   <l:gentext key="Equation" text="Rovnice"/>
   <l:gentext key="equation" text="Rovnice"/>
   <l:gentext key="Example" text="P&#345;&#237;klad"/>
   <l:gentext key="example" text="P&#345;&#237;klad"/>
   <l:gentext key="Figure" text="Obr&#225;zek"/>
   <l:gentext key="figure" text="Obr&#225;zek"/>
   <l:gentext key="Glossary" text="Slovn&#237;k"/>
   <l:gentext key="glossary" text="Slovn&#237;k"/>
   <l:gentext key="GlossSee" text="Viz"/>
   <l:gentext key="glosssee" text="Viz"/>
   <l:gentext key="GlossSeeAlso" text="Viz t&#233;&#382;"/>
   <l:gentext key="glossseealso" text="Viz t&#233;&#382;"/>
   <l:gentext key="IMPORTANT" text="D&#367;le&#382;it&#233;"/>
   <l:gentext key="Important" text="D&#367;le&#382;it&#233;"/>
   <l:gentext key="important" text="D&#367;le&#382;it&#233;"/>
   <l:gentext key="Index" text="Rejst&#345;&#237;k"/>
   <l:gentext key="index" text="Rejst&#345;&#237;k"/>
   <l:gentext key="ISBN" text="ISBN"/>
   <l:gentext key="isbn" text="ISBN"/>
   <l:gentext key="LegalNotice" text="Pr&#225;vn&#237; dolo&#382;ka"/>
   <l:gentext key="legalnotice" text="Pr&#225;vn&#237; dolo&#382;ka"/>
   <l:gentext key="MsgAud" text="Publikum"/>
   <l:gentext key="msgaud" text="Publikum"/>
   <l:gentext key="MsgLevel" text="&#218;rove&#328;"/>
   <l:gentext key="msglevel" text="&#218;rove&#328;"/>
   <l:gentext key="MsgOrig" text="P&#367;vod"/>
   <l:gentext key="msgorig" text="P&#367;vod"/>
   <l:gentext key="NOTE" text="Pozn&#225;mka"/>
   <l:gentext key="Note" text="Pozn&#225;mka"/>
   <l:gentext key="note" text="Pozn&#225;mka"/>
   <l:gentext key="Part" text="&#268;&#225;st"/>
   <l:gentext key="part" text="&#268;&#225;st"/>
   <l:gentext key="Preface" text="P&#345;edmluva"/>
   <l:gentext key="preface" text="P&#345;edmluva"/>
   <l:gentext key="Procedure" text="Postup"/>
   <l:gentext key="procedure" text="Postup"/>
   <l:gentext key="ProductionSet" text="Produkce"/>
   <l:gentext key="Published" text="Vyd&#225;no"/>
   <l:gentext key="published" text="Vyd&#225;no"/>
   <l:gentext key="Question" text="Ot&#225;zka:"/>
   <l:gentext key="question" text="Ot&#225;zka:"/>
   <l:gentext key="RefEntry" text=""/>
   <l:gentext key="refentry" text=""/>
   <l:gentext key="Reference" text="Odkaz"/>
   <l:gentext key="reference" text="Odkaz"/>
   <l:gentext key="RefName" text="Jm&#233;no"/>
   <l:gentext key="refname" text="Jm&#233;no"/>
   <l:gentext key="RefSection" text=""/>
   <l:gentext key="refsection" text=""/>
   <l:gentext key="RefSynopsisDiv" text="P&#345;ehled"/>
   <l:gentext key="refsynopsisdiv" text="P&#345;ehled"/>
   <l:gentext key="RevHistory" text="P&#345;ehled reviz&#237;"/>
   <l:gentext key="revhistory" text="P&#345;ehled reviz&#237;"/>
   <l:gentext key="Revision" text="Revize"/>
   <l:gentext key="revision" text="Revize"/>
   <l:gentext key="sect1" text="Odd&#237;l"/>
   <l:gentext key="sect2" text="Odd&#237;l"/>
   <l:gentext key="sect3" text="Odd&#237;l"/>
   <l:gentext key="sect4" text="Odd&#237;l"/>
   <l:gentext key="sect5" text="Odd&#237;l"/>
   <l:gentext key="Section" text="Odd&#237;l"/>
   <l:gentext key="section" text="Odd&#237;l"/>
   <l:gentext key="See" text="Viz"/>
   <l:gentext key="see" text="Viz"/>
   <l:gentext key="SeeAlso" text="Viz t&#233;&#382;"/>
   <l:gentext key="Seealso" text="Viz t&#233;&#382;"/>
   <l:gentext key="seealso" text="Viz t&#233;&#382;"/>
   <l:gentext key="Set" text="Sada"/>
   <l:gentext key="set" text="Sada"/>
   <l:gentext key="SetIndex" text="Rejst&#345;&#237;k sady"/>
   <l:gentext key="setindex" text="Rejst&#345;&#237;k sady"/>
   <l:gentext key="Sidebar" text="Margin&#225;lie"/>
   <l:gentext key="sidebar" text="Margin&#225;lie"/>
   <l:gentext key="Step" text="Krok"/>
   <l:gentext key="step" text="krok"/>
   <l:gentext key="Table" text="Tabulka"/>
   <l:gentext key="table" text="Tabulka"/>
   <l:gentext key="TIP" text="Tip"/>
   <l:gentext key="Tip" text="Tip"/>
   <l:gentext key="tip" text="Tip"/>
   <l:gentext key="WARNING" text="Varov&#225;n&#237;"/>
   <l:gentext key="Warning" text="Varov&#225;n&#237;"/>
   <l:gentext key="warning" text="Varov&#225;n&#237;"/>
   <l:gentext key="and" text="a"/>
   <l:gentext key="by" text=""/>
   <l:gentext key="Edited" text="Vyd&#225;no"/>
   <l:gentext key="edited" text="Vyd&#225;no"/>
   <l:gentext key="Editedby" text="Sestavil"/>
   <l:gentext key="editedby" text="Sestavil"/>
   <l:gentext key="in" text="v"/>
   <l:gentext key="lastlistcomma" text=""/>
   <l:gentext key="listcomma" text=","/>
   <l:gentext key="nonexistantelement" text="neexistuj&#237;c&#237; prvek"/>
   <l:gentext key="notes" text="Pozn&#225;mky"/>
   <l:gentext key="Notes" text="Pozn&#225;mky"/>
   <l:gentext key="Pgs" text="Str."/>
   <l:gentext key="pgs" text="Str."/>
   <l:gentext key="Revisedby" text="Revidoval: "/>
   <l:gentext key="revisedby" text="Revidoval: "/>
   <l:gentext key="TableNotes" text="Pozn&#225;mky"/>
   <l:gentext key="tablenotes" text="Pozn&#225;mky"/>
   <l:gentext key="TableofContents" text="Obsah"/>
   <l:gentext key="tableofcontents" text="Obsah"/>
   <l:gentext key="unexpectedelementname" text="Neo&#269;ek&#225;van&#233; jm&#233;no prvku"/>
   <l:gentext key="unsupported" text="nepodporovan&#253;"/>
   <l:gentext key="xrefto" text="xref k"/>
   <l:gentext key="listofequations" text="Seznam rovnic"/>
   <l:gentext key="ListofEquations" text="Seznam rovnic"/>
   <l:gentext key="ListofExamples" text="Seznam p&#345;&#237;klad&#367;"/>
   <l:gentext key="listofexamples" text="Seznam p&#345;&#237;klad&#367;"/>
   <l:gentext key="ListofFigures" text="Seznam obr&#225;zk&#367;"/>
   <l:gentext key="listoffigures" text="Seznam obr&#225;zk&#367;"/>
   <l:gentext key="listoftables" text="Seznam tabulek"/>
   <l:gentext key="ListofTables" text="Seznam tabulek"/>
   <l:gentext key="ListofUnknown" text="Seznam nezn&#225;m&#233;ho"/>
   <l:gentext key="listofunknown" text="Seznam nezn&#225;m&#233;ho"/>
   <l:gentext key="nav-home" text="Dom&#367;"/>
   <l:gentext key="nav-next" text="Dal&#353;&#237;"/>
   <l:gentext key="nav-next-sibling" text="Rychle dop&#345;edu"/>
   <l:gentext key="nav-prev" text="P&#345;edch&#225;zej&#237;c&#237;"/>
   <l:gentext key="nav-prev-sibling" text="Rychle zp&#283;t"/>
   <l:gentext key="nav-up" text="Nahoru"/>
   <l:gentext key="sectioncalled" text="odd&#237;l nazvan&#253;"/>
   <l:gentext key="Draft" text="N&#225;vrh"/>
   <l:gentext key="above" text="nad"/>
   <l:gentext key="below" text="pod"/>
   <l:gentext key="index symbols" text="Symboly"/>
   <l:gentext key="lowercase.alpha" text="a&#225;bc&#269;d&#271;e&#233;&#283;fghi&#237;jklmno&#243;pqr&#345;s&#353;t&#357;u&#250;&#367;vwxy&#253;z&#382;"/>
   <l:gentext key="uppercase.alpha" text="A&#193;BC&#268;D&#270;E&#201;&#282;FGHI&#205;JKLMNO&#211;PQR&#344;S&#352;T&#356;U&#218;&#366;VWXY&#221;Z&#381;"/>
   <l:dingbat key="startquote" text="&#8222;"/>
   <l:dingbat key="endquote" text="&#8220;"/>
   <l:dingbat key="nestedstartquote" text="&#8218;"/>
   <l:dingbat key="nestedendquote" text="&#8216;"/>
   <l:dingbat key="bullet" text="&#8226;"/>

   <l:context name="styles">
      <l:template name="person-name" text="first-last"/>
   </l:context>

   <l:context name="title">
      <l:template name="abstract" text="%t"/>
      <l:template name="answer" text="%t"/>
      <l:template name="appendix" text="P&#345;&#237;loha %n. %t"/>
      <l:template name="article" text="%t"/>
      <l:template name="authorblurb" text="%t"/>
      <l:template name="bibliodiv" text="%t"/>
      <l:template name="biblioentry" text="%t"/>
      <l:template name="bibliography" text="%t"/>
      <l:template name="bibliomixed" text="%t"/>
      <l:template name="bibliomset" text="%t"/>
      <l:template name="biblioset" text="%t"/>
      <l:template name="blockquote" text="%t"/>
      <l:template name="book" text="%t"/>
      <l:template name="calloutlist" text="%t"/>
      <l:template name="caution" text="%t"/>
      <l:template name="chapter" text="Kapitola %n. %t"/>
      <l:template name="colophon" text="%t"/>
      <l:template name="dedication" text="%t"/>
      <l:template name="equation" text="Rovnice %n. %t"/>
      <l:template name="example" text="P&#345;&#237;klad %n. %t"/>
      <l:template name="figure" text="Obr&#225;zek %n. %t"/>
      <l:template name="formalpara" text="%t"/>
      <l:template name="glossary" text="%t"/>
      <l:template name="glossdiv" text="%t"/>
      <l:template name="important" text="%t"/>
      <l:template name="index" text="%t"/>
      <l:template name="indexdiv" text="%t"/>
      <l:template name="itemizedlist" text="%t"/>
      <l:template name="legalnotice" text="%t"/>
      <l:template name="listitem" text=""/>
      <l:template name="lot" text="%t"/>
      <l:template name="msg" text="%t"/>
      <l:template name="msgexplan" text="%t"/>
      <l:template name="msgmain" text="%t"/>
      <l:template name="msgrel" text="%t"/>
      <l:template name="msgset" text="%t"/>
      <l:template name="msgsub" text="%t"/>
      <l:template name="note" text="%t"/>
      <l:template name="orderedlist" text="%t"/>
      <l:template name="part" text="&#268;&#225;st %n. %t"/>
      <l:template name="partintro" text="%t"/>
      <l:template name="preface" text="%t"/>
      <l:template name="procedure" text="%t"/>
      <l:template name="procedure.formal" text="Postup %n. %t"/>
      <l:template name="productionset" text="%t"/>
      <l:template name="productionset.formal" text="Produkce %n"/>
      <l:template name="qandadiv" text="%t"/>
      <l:template name="qandaentry" text="%t"/>
      <l:template name="qandaset" text="%t"/>
      <l:template name="question" text="%t"/>
      <l:template name="refentry" text="%t"/>
      <l:template name="reference" text="%t"/>
      <l:template name="refsection" text="%t"/>
      <l:template name="refsect1" text="%t"/>
      <l:template name="refsect2" text="%t"/>
      <l:template name="refsect3" text="%t"/>
      <l:template name="refsynopsisdiv" text="%t"/>
      <l:template name="refsynopsisdivinfo" text="%t"/>
      <l:template name="segmentedlist" text="%t"/>
      <l:template name="set" text="%t"/>
      <l:template name="setindex" text="%t"/>
      <l:template name="sidebar" text="%t"/>
      <l:template name="step" text="%t"/>
      <l:template name="table" text="Tabulka %n. %t"/>
      <l:template name="tip" text="%t"/>
      <l:template name="toc" text="%t"/>
      <l:template name="variablelist" text="%t"/>
      <l:template name="varlistentry" text=""/>
      <l:template name="warning" text="%t"/>
   </l:context>

   <l:context name="title-unnumbered">
      <l:template name="appendix" text="%t"/>
      <l:template name="bridgehead" text="%t"/>
      <l:template name="chapter" text="%t"/>
      <l:template name="sect1" text="%t"/>
      <l:template name="sect2" text="%t"/>
      <l:template name="sect3" text="%t"/>
      <l:template name="sect4" text="%t"/>
      <l:template name="sect5" text="%t"/>
      <l:template name="section" text="%t"/>
      <l:template name="simplesect" text="%t"/>
   </l:context>

   <l:context name="title-numbered">
      <l:template name="appendix" text="P&#345;&#237;loha %n. %t"/>
      <l:template name="bridgehead" text="%n. %t"/>
      <l:template name="chapter" text="Kapitola %n. %t"/>
      <l:template name="sect1" text="%n. %t"/>
      <l:template name="sect2" text="%n. %t"/>
      <l:template name="sect3" text="%n. %t"/>
      <l:template name="sect4" text="%n. %t"/>
      <l:template name="sect5" text="%n. %t"/>
      <l:template name="section" text="%n. %t"/>
      <l:template name="simplesect" text="%n. %t"/>
   </l:context>

   <l:context name="subtitle">
      <l:template name="appendix" text="%s"/>
      <l:template name="article" text="%s"/>
      <l:template name="bibliodiv" text="%s"/>
      <l:template name="biblioentry" text="%s"/>
      <l:template name="bibliography" text="%s"/>
      <l:template name="bibliomixed" text="%s"/>
      <l:template name="bibliomset" text="%s"/>
      <l:template name="biblioset" text="%s"/>
      <l:template name="book" text="%s"/>
      <l:template name="chapter" text="%s"/>
      <l:template name="colophon" text="%s"/>
      <l:template name="dedication" text="%s"/>
      <l:template name="glossary" text="%s"/>
      <l:template name="glossdiv" text="%s"/>
      <l:template name="index" text="%s"/>
      <l:template name="indexdiv" text="%s"/>
      <l:template name="lot" text="%s"/>
      <l:template name="part" text="%s"/>
      <l:template name="partintro" text="%s"/>
      <l:template name="preface" text="%s"/>
      <l:template name="refentry" text="%s"/>
      <l:template name="reference" text="%s"/>
      <l:template name="refsection" text="%s"/>
      <l:template name="refsect1" text="%s"/>
      <l:template name="refsect2" text="%s"/>
      <l:template name="refsect3" text="%s"/>
      <l:template name="refsynopsisdiv" text="%s"/>
      <l:template name="sect1" text="%s"/>
      <l:template name="sect2" text="%s"/>
      <l:template name="sect3" text="%s"/>
      <l:template name="sect4" text="%s"/>
      <l:template name="sect5" text="%s"/>
      <l:template name="section" text="%s"/>
      <l:template name="set" text="%s"/>
      <l:template name="setindex" text="%s"/>
      <l:template name="sidebar" text="%s"/>
      <l:template name="simplesect" text="%s"/>
      <l:template name="toc" text="%s"/>
   </l:context>

   <l:context name="xref">
      <l:template name="abstract" text="%t"/>
      <l:template name="answer" text="%n"/>
      <l:template name="appendix" text="%n &#8211; &#8222;%t&#8220;"/>
      <l:template name="article" text="%t"/>
      <l:template name="authorblurb" text="%t"/>
      <l:template name="bibliodiv" text="%t"/>
      <l:template name="bibliography" text="%t"/>
      <l:template name="bibliomset" text="%t"/>
      <l:template name="biblioset" text="%t"/>
      <l:template name="blockquote" text="%t"/>
      <l:template name="book" text="%t"/>
      <l:template name="calloutlist" text="%t"/>
      <l:template name="caution" text="%t"/>
      <l:template name="chapter" text="%n &#8211; &#8222;%t&#8220;"/>
      <l:template name="colophon" text="%t"/>
      <l:template name="constraintdef" text="%t"/>
      <l:template name="dedication" text="%t"/>
      <l:template name="equation" text="%n"/>
      <l:template name="example" text="%n"/>
      <l:template name="figure" text="%n"/>
      <l:template name="formalpara" text="%t"/>
      <l:template name="glossary" text="%t"/>
      <l:template name="glossdiv" text="%t"/>
      <l:template name="important" text="%t"/>
      <l:template name="index" text="%t"/>
      <l:template name="indexdiv" text="%t"/>
      <l:template name="itemizedlist" text="%t"/>
      <l:template name="legalnotice" text="%t"/>
      <l:template name="listitem" text="%n"/>
      <l:template name="lot" text="%t"/>
      <l:template name="msg" text="%t"/>
      <l:template name="msgexplan" text="%t"/>
      <l:template name="msgmain" text="%t"/>
      <l:template name="msgrel" text="%t"/>
      <l:template name="msgset" text="%t"/>
      <l:template name="msgsub" text="%t"/>
      <l:template name="note" text="%t"/>
      <l:template name="orderedlist" text="%t"/>
      <l:template name="part" text="%n &#8211; &#8222;%t&#8220;"/>
      <l:template name="partintro" text="%t"/>
      <l:template name="preface" text="%t"/>
      <l:template name="procedure" text="%n"/>
      <l:template name="productionset" text="%t"/>
      <l:template name="qandadiv" text="%t"/>
      <l:template name="qandaentry" text="%n"/>
      <l:template name="qandaset" text="%t"/>
      <l:template name="question" text="%n"/>
      <l:template name="reference" text="%t"/>
      <l:template name="refsection" text="%t"/>
      <l:template name="refsect1" text="%t"/>
      <l:template name="refsect2" text="%t"/>
      <l:template name="refsect3" text="%t"/>
      <l:template name="refsynopsisdiv" text="%t"/>
      <l:template name="segmentedlist" text="%t"/>
      <l:template name="set" text="%t"/>
      <l:template name="setindex" text="%t"/>
      <l:template name="sidebar" text="%t"/>
      <l:template name="table" text="%n"/>
      <l:template name="tip" text="%t"/>
      <l:template name="toc" text="%t"/>
      <l:template name="variablelist" text="%t"/>
      <l:template name="varlistentry" text="%n"/>
      <l:template name="warning" text="%t"/>
      <l:template name="page.citation" text=" [%p]"/>
   </l:context>

   <l:context name="section-xref">
      <l:template name="bridgehead" text="&#8222;%t&#8220;"/>
      <l:template name="refsection" text="&#8222;%t&#8220;"/>
      <l:template name="refsect1" text="&#8222;%t&#8220;"/>
      <l:template name="refsect2" text="&#8222;%t&#8220;"/>
      <l:template name="refsect3" text="&#8222;%t&#8220;"/>
      <l:template name="sect1" text="&#8222;%t&#8220;"/>
      <l:template name="sect2" text="&#8222;%t&#8220;"/>
      <l:template name="sect3" text="&#8222;%t&#8220;"/>
      <l:template name="sect4" text="&#8222;%t&#8220;"/>
      <l:template name="sect5" text="&#8222;%t&#8220;"/>
      <l:template name="section" text="&#8222;%t&#8220;"/>
      <l:template name="simplesect" text="&#8222;%t&#8220;"/>
   </l:context>

   <l:context name="section-xref-numbered">
      <l:template name="bridgehead" text="%n"/>
      <l:template name="refsection" text="&#8222;%t&#8220;"/>
      <l:template name="refsect1" text="&#8222;%t&#8220;"/>
      <l:template name="refsect2" text="&#8222;%t&#8220;"/>
      <l:template name="refsect3" text="&#8222;%t&#8220;"/>
      <l:template name="sect1" text="%n"/>
      <l:template name="sect2" text="%n"/>
      <l:template name="sect3" text="%n"/>
      <l:template name="sect4" text="%n"/>
      <l:template name="sect5" text="%n"/>
      <l:template name="section" text="%n"/>
      <l:template name="simplesect" text="&#8222;%t&#8220;"/>
   </l:context>

   <l:context name="authorgroup">
      <l:template name="sep" text=", "/>
      <l:template name="sep2" text=" a "/>
      <l:template name="seplast" text=" a "/>
   </l:context>

   <l:context name="glossary">
      <l:template name="see" text="Viz "/>
      <l:template name="seealso" text="Viz t&#233;&#382; "/>
   </l:context>

   <l:context name="msgset">
      <l:template name="MsgAud" text="Publikum: "/>
      <l:template name="MsgLevel" text="&#218;rove&#328;: "/>
      <l:template name="MsgOrig" text="P&#367;vod: "/>
   </l:context>
</l:l10n>
