<?xml version="1.0" encoding="US-ASCII"?>
<l:l10n xmlns:l="http://docbook.sourceforge.net/xmlns/l10n/1.0" language="de" english-language-name="German">

<!-- This file is generated automatically. -->
<!-- Do not edit this file by hand! -->
<!-- See http://docbook.sourceforge.net/ -->
<!-- To update this file: edit the corresponding document at -->
<!-- http://cvs.sourceforge.net/cgi-bin/viewcvs.cgi/docbook/gentext/locale/ -->

   <l:gentext key="Abstract" text="Zusammenfassung"/>
   <l:gentext key="abstract" text="Zusammenfassung"/>
   <l:gentext key="Answer" text="A:"/>
   <l:gentext key="answer" text="A:"/>
   <l:gentext key="Appendix" text="Anhang"/>
   <l:gentext key="appendix" text="Anhang"/>
   <l:gentext key="Article" text="Artikel"/>
   <l:gentext key="article" text="Artikel"/>
   <l:gentext key="Bibliography" text="Literaturverzeichnis"/>
   <l:gentext key="bibliography" text="Literaturverzeichnis"/>
   <l:gentext key="Book" text="Buch"/>
   <l:gentext key="book" text="Buch"/>
   <l:gentext key="Caution" text="Achtung"/>
   <l:gentext key="caution" text="Achtung"/>
   <l:gentext key="CAUTION" text="ACHTUNG"/>
   <l:gentext key="Chapter" text="Kapitel"/>
   <l:gentext key="chapter" text="Kapitel"/>
   <l:gentext key="Colophon" text="Kolophon"/>
   <l:gentext key="colophon" text="Kolophon"/>
   <l:gentext key="Copyright" text="Copyright"/>
   <l:gentext key="copyright" text="Copyright"/>
   <l:gentext key="Dedication" text="Widmung"/>
   <l:gentext key="dedication" text="Widmung"/>
   <l:gentext key="Edition" text="Ausgabe"/>
   <l:gentext key="edition" text="Ausgabe"/>
   <l:gentext key="Equation" text="Gleichung"/>
   <l:gentext key="equation" text="Gleichung"/>
   <l:gentext key="Example" text="Beispiel"/>
   <l:gentext key="example" text="Beispiel"/>
   <l:gentext key="Figure" text="Abbildung"/>
   <l:gentext key="figure" text="Abbildung"/>
   <l:gentext key="Glossary" text="Glossar"/>
   <l:gentext key="glossary" text="Glossar"/>
   <l:gentext key="GlossSee" text="Siehe"/>
   <l:gentext key="glosssee" text="Siehe"/>
   <l:gentext key="GlossSeeAlso" text="Siehe auch"/>
   <l:gentext key="glossseealso" text="Siehe auch"/>
   <l:gentext key="IMPORTANT" text="WICHTIG"/>
   <l:gentext key="Important" text="Wichtig"/>
   <l:gentext key="important" text="Wichtig"/>
   <l:gentext key="Index" text="Stichwortverzeichnis"/>
   <l:gentext key="index" text="Stichwortverzeichnis"/>
   <l:gentext key="index symbols" text="Symbole"/>
   <l:gentext key="ISBN" text="ISBN"/>
   <l:gentext key="isbn" text="ISBN"/>
   <l:gentext key="LegalNotice" text="Rechtlicher Hinweis"/>
   <l:gentext key="legalnotice" text="Rechtlicher Hinweis"/>
   <l:gentext key="MsgAud" text="Zielgruppe"/>
   <l:gentext key="msgaud" text="Zielgruppe"/>
   <l:gentext key="MsgLevel" text="Dringlichkeit"/>
   <l:gentext key="msglevel" text="Dringlichkeit"/>
   <l:gentext key="MsgOrig" text="Ursprung"/>
   <l:gentext key="msgorig" text="Ursprung"/>
   <l:gentext key="note" text="Anmerkung"/>
   <l:gentext key="NOTE" text="ANMERKUNG"/>
   <l:gentext key="Note" text="Anmerkung"/>
   <l:gentext key="part" text="Teil"/>
   <l:gentext key="Part" text="Teil"/>
   <l:gentext key="Preface" text="Vorwort"/>
   <l:gentext key="preface" text="Vorwort"/>
   <l:gentext key="Procedure" text="Prozedur"/>
   <l:gentext key="procedure" text="Prozedur"/>
   <l:gentext key="ProductionSet" text="Produktion"/>
   <l:gentext key="Published" text="Ver&#246;ffentlicht"/>
   <l:gentext key="published" text="Ver&#246;ffentlicht"/>
   <l:gentext key="Question" text="F:"/>
   <l:gentext key="question" text="F:"/>
   <l:gentext key="RefEntry" text=""/>
   <l:gentext key="refentry" text=""/>
   <l:gentext key="Reference" text="Verweis"/>
   <l:gentext key="reference" text="Verweis"/>
   <l:gentext key="refname" text="Name"/>
   <l:gentext key="RefName" text="Name"/>
   <l:gentext key="RefSection" text="Abschnitt"/>
   <l:gentext key="refsection" text="Abschnitt"/>
   <l:gentext key="RefSynopsisDiv" text="Synopsis"/>
   <l:gentext key="refsynopsisdiv" text="Synopsis"/>
   <l:gentext key="RevHistory" text="Versionsgeschichte"/>
   <l:gentext key="revhistory" text="Versionsgeschichte"/>
   <l:gentext key="Revision" text="Version"/>
   <l:gentext key="revision" text="Version"/>
   <l:gentext key="Section" text="Abschnitt"/>
   <l:gentext key="section" text="Abschnitt"/>
   <l:gentext key="sect1" text="Abschnitt"/>
   <l:gentext key="sect2" text="Abschnitt"/>
   <l:gentext key="sect3" text="Abschnitt"/>
   <l:gentext key="sect4" text="Abschnitt"/>
   <l:gentext key="sect5" text="Abschnitt"/>
   <l:gentext key="see" text="Siehe"/>
   <l:gentext key="See" text="Siehe"/>
   <l:gentext key="SeeAlso" text="Siehe auch"/>
   <l:gentext key="seealso" text="Siehe auch"/>
   <l:gentext key="Seealso" text="Siehe auch"/>
   <l:gentext key="Set" text="Satz"/>
   <l:gentext key="set" text="Satz"/>
   <l:gentext key="setindex" text="Stichwortverzeichnis"/>
   <l:gentext key="SetIndex" text="Stichwortverzeichnis"/>
   <l:gentext key="sidebar" text="randnotiz"/>
   <l:gentext key="Sidebar" text="Randnotiz"/>
   <l:gentext key="Step" text="Schritt"/>
   <l:gentext key="step" text="Schritt"/>
   <l:gentext key="table" text="Tabelle"/>
   <l:gentext key="Table" text="Tabelle"/>
   <l:gentext key="TIP" text="TIPP"/>
   <l:gentext key="Tip" text="Tipp"/>
   <l:gentext key="tip" text="Tipp"/>
   <l:gentext key="Warning" text="Warnung"/>
   <l:gentext key="warning" text="Warnung"/>
   <l:gentext key="WARNING" text="WARNUNG"/>
   <l:gentext key="and" text="und"/>
   <l:gentext key="by" text="von"/>
   <l:gentext key="Edited" text="Herausgegeben"/>
   <l:gentext key="edited" text="Herausgegeben"/>
   <l:gentext key="Editedby" text="Herausgegeben von"/>
   <l:gentext key="editedby" text="Herausgegeben von"/>
   <l:gentext key="in" text="in"/>
   <l:gentext key="lastlistcomma" text=""/>
   <l:gentext key="listcomma" text=","/>
   <l:gentext key="nonexistantelement" text="nicht existierendes Element"/>
   <l:gentext key="notes" text="Fu&#223;noten"/>
   <l:gentext key="Notes" text="Fu&#223;noten"/>
   <l:gentext key="Pgs" text="Seiten"/>
   <l:gentext key="pgs" text="Seiten"/>
   <l:gentext key="Revisedby" text="Ge&#228;ndert durch: "/>
   <l:gentext key="revisedby" text="Ge&#228;ndert durch: "/>
   <l:gentext key="TableNotes" text="Bemerkungen"/>
   <l:gentext key="tablenotes" text="Bemerkungen"/>
   <l:gentext key="TableofContents" text="Inhaltsverzeichnis"/>
   <l:gentext key="tableofcontents" text="Inhaltsverzeichnis"/>
   <l:gentext key="unexpectedelementname" text="Unerwarteter Elementname"/>
   <l:gentext key="unsupported" text="wird nicht unterst&#252;tzt"/>
   <l:gentext key="xrefto" text="xref auf"/>
   <l:gentext key="listofequations" text="Gleichungen"/>
   <l:gentext key="ListofEquations" text="Gleichungen"/>
   <l:gentext key="ListofExamples" text="Beispiele"/>
   <l:gentext key="listofexamples" text="Beispiele"/>
   <l:gentext key="ListofFigures" text="Abbildungsverzeichnis"/>
   <l:gentext key="listoffigures" text="Abbildungsverzeichnis"/>
   <l:gentext key="listoftables" text="Tabellenverzeichnis"/>
   <l:gentext key="ListofTables" text="Tabellenverzeichnis"/>
   <l:gentext key="ListofUnknown" text="???-Verzeichnis"/>
   <l:gentext key="listofunknown" text="???-Verzeichnis"/>
   <l:gentext key="nav-home" text="Zum Anfang"/>
   <l:gentext key="nav-next" text="Weiter"/>
   <l:gentext key="nav-next-sibling" text="Schnell weiter"/>
   <l:gentext key="nav-prev" text="Zur&#252;ck"/>
   <l:gentext key="nav-prev-sibling" text="Schnell zur&#252;ck"/>
   <l:gentext key="nav-up" text="Nach oben"/>
   <l:gentext key="sectioncalled" text="der Abschnitt namens"/>
   <l:gentext key="Draft" text="Entwurf"/>
   <l:gentext key="above" text="oben"/>
   <l:gentext key="below" text="unten"/>
   <l:gentext key="index symbols" text="Symbole"/>
   <l:gentext key="lowercase.alpha" text="abcdefghijklmnopqrstuvwxyz&#228;&#246;&#252;&#223;"/>
   <l:gentext key="uppercase.alpha" text="ABCDEFGHIJKLMNOPQRSTUVWXYZ&#196;&#214;&#220;&#223;"/>
   <l:dingbat key="startquote" text="&#8222;"/>
   <l:dingbat key="endquote" text="&#8220;"/>
   <l:dingbat key="nestedstartquote" text="&#8218;"/>
   <l:dingbat key="nestedendquote" text="&#8216;"/>
   <l:dingbat key="bullet" text="&#8226;"/>

   <l:context name="styles">
      <l:template name="person-name" text="first-last"/>
   </l:context>

   <l:context name="title">
      <l:template name="abstract" text="%t"/>
      <l:template name="answer" text="%t"/>
      <l:template name="appendix" text="Anhang %n. %t"/>
      <l:template name="article" text="%t"/>
      <l:template name="authorblurb" text="%t"/>
      <l:template name="bibliodiv" text="%t"/>
      <l:template name="biblioentry" text="%t"/>
      <l:template name="bibliography" text="%t"/>
      <l:template name="bibliomixed" text="%t"/>
      <l:template name="bibliomset" text="%t"/>
      <l:template name="biblioset" text="%t"/>
      <l:template name="blockquote" text="%t"/>
      <l:template name="book" text="%t"/>
      <l:template name="calloutlist" text="%t"/>
      <l:template name="caution" text="%t"/>
      <l:template name="chapter" text="Kapitel %n. %t"/>
      <l:template name="colophon" text="%t"/>
      <l:template name="dedication" text="%t"/>
      <l:template name="equation" text="Gleichung %n. %t"/>
      <l:template name="example" text="Beispiel %n. %t"/>
      <l:template name="figure" text="Abbildung %n. %t"/>
      <l:template name="formalpara" text="%t"/>
      <l:template name="glossary" text="%t"/>
      <l:template name="glossdiv" text="%t"/>
      <l:template name="important" text="%t"/>
      <l:template name="index" text="%t"/>
      <l:template name="indexdiv" text="%t"/>
      <l:template name="itemizedlist" text="%t"/>
      <l:template name="legalnotice" text="%t"/>
      <l:template name="listitem" text=""/>
      <l:template name="lot" text="%t"/>
      <l:template name="msg" text="%t"/>
      <l:template name="msgexplan" text="%t"/>
      <l:template name="msgmain" text="%t"/>
      <l:template name="msgrel" text="%t"/>
      <l:template name="msgset" text="%t"/>
      <l:template name="msgsub" text="%t"/>
      <l:template name="note" text="%t"/>
      <l:template name="orderedlist" text="%t"/>
      <l:template name="part" text="Teil %n. %t"/>
      <l:template name="partintro" text="%t"/>
      <l:template name="preface" text="%t"/>
      <l:template name="procedure" text="%t"/>
      <l:template name="procedure.formal" text="Prozedur %n. %t"/>
      <l:template name="productionset" text="%t"/>
      <l:template name="productionset.formal" text="Produktion&#160;%n"/>
      <l:template name="qandadiv" text="%t"/>
      <l:template name="qandaentry" text="%t"/>
      <l:template name="qandaset" text="%t"/>
      <l:template name="question" text="F: %n"/>
      <l:template name="refentry" text="%t"/>
      <l:template name="reference" text="%t"/>
      <l:template name="refsection" text="%t"/>
      <l:template name="refsect1" text="%t"/>
      <l:template name="refsect2" text="%t"/>
      <l:template name="refsect3" text="%t"/>
      <l:template name="refsynopsisdiv" text="%t"/>
      <l:template name="refsynopsisdivinfo" text="%t"/>
      <l:template name="segmentedlist" text="%t"/>
      <l:template name="set" text="%t"/>
      <l:template name="setindex" text="%t"/>
      <l:template name="sidebar" text="%t"/>
      <l:template name="step" text="%t"/>
      <l:template name="table" text="Tabelle %n. %t"/>
      <l:template name="tip" text="%t"/>
      <l:template name="toc" text="%t"/>
      <l:template name="variablelist" text="%t"/>
      <l:template name="warning" text="%t"/>
   </l:context>

   <l:context name="title-unnumbered">
      <l:template name="appendix" text="%t"/>
      <l:template name="bridgehead" text="%t"/>
      <l:template name="chapter" text="%t"/>
      <l:template name="sect1" text="%t"/>
      <l:template name="sect2" text="%t"/>
      <l:template name="sect3" text="%t"/>
      <l:template name="sect4" text="%t"/>
      <l:template name="sect5" text="%t"/>
      <l:template name="section" text="%t"/>
      <l:template name="simplesect" text="%t"/>
   </l:context>

   <l:context name="title-numbered">
      <l:template name="appendix" text="Anhang %n. %t"/>
      <l:template name="bridgehead" text="%n.&#160;%t"/>
      <l:template name="chapter" text="Kapitel %n. %t"/>
      <l:template name="sect1" text="%n. %t"/>
      <l:template name="sect2" text="%n. %t"/>
      <l:template name="sect3" text="%n. %t"/>
      <l:template name="sect4" text="%n. %t"/>
      <l:template name="sect5" text="%n. %t"/>
      <l:template name="section" text="%n. %t"/>
      <l:template name="simplesect" text="%n. %t"/>
   </l:context>

   <l:context name="subtitle">
      <l:template name="appendix" text="%s"/>
      <l:template name="article" text="%s"/>
      <l:template name="bibliodiv" text="%s"/>
      <l:template name="biblioentry" text="%s"/>
      <l:template name="bibliography" text="%s"/>
      <l:template name="bibliomixed" text="%s"/>
      <l:template name="bibliomset" text="%s"/>
      <l:template name="biblioset" text="%s"/>
      <l:template name="book" text="%s"/>
      <l:template name="chapter" text="%s"/>
      <l:template name="colophon" text="%s"/>
      <l:template name="dedication" text="%s"/>
      <l:template name="glossary" text="%s"/>
      <l:template name="glossdiv" text="%s"/>
      <l:template name="index" text="%s"/>
      <l:template name="indexdiv" text="%s"/>
      <l:template name="lot" text="%s"/>
      <l:template name="part" text="%s"/>
      <l:template name="partintro" text="%s"/>
      <l:template name="preface" text="%s"/>
      <l:template name="refentry" text="%s"/>
      <l:template name="reference" text="%s"/>
      <l:template name="refsection" text="%s"/>
      <l:template name="refsect1" text="%s"/>
      <l:template name="refsect2" text="%s"/>
      <l:template name="refsect3" text="%s"/>
      <l:template name="refsynopsisdiv" text="%s"/>
      <l:template name="sect1" text="%s"/>
      <l:template name="sect2" text="%s"/>
      <l:template name="sect3" text="%s"/>
      <l:template name="sect4" text="%s"/>
      <l:template name="sect5" text="%s"/>
      <l:template name="section" text="%s"/>
      <l:template name="set" text="%s"/>
      <l:template name="setindex" text="%s"/>
      <l:template name="sidebar" text="%s"/>
      <l:template name="simplesect" text="%s"/>
      <l:template name="toc" text="%s"/>
   </l:context>

   <l:context name="xref">
      <l:template name="abstract" text="%t"/>
      <l:template name="answer" text="A:&#160;%n"/>
      <l:template name="appendix" text="Anhang %n. %t"/>
      <l:template name="article" text="%t"/>
      <l:template name="authorblurb" text="%t"/>
      <l:template name="bibliodiv" text="%t"/>
      <l:template name="bibliography" text="%t"/>
      <l:template name="bibliomset" text="%t"/>
      <l:template name="biblioset" text="%t"/>
      <l:template name="blockquote" text="%t"/>
      <l:template name="book" text="%t"/>
      <l:template name="calloutlist" text="%t"/>
      <l:template name="caution" text="%t"/>
      <l:template name="chapter" text="Kapitel %n. %t"/>
      <l:template name="colophon" text="%t"/>
      <l:template name="constraintdef" text="%t"/>
      <l:template name="dedication" text="%t"/>
      <l:template name="equation" text="Gleichung&#160;%n"/>
      <l:template name="example" text="Beispiel %n. %t"/>
      <l:template name="figure" text="Abbildung %n. %t"/>
      <l:template name="formalpara" text="%t"/>
      <l:template name="glossary" text="%t"/>
      <l:template name="glossdiv" text="%t"/>
      <l:template name="important" text="%t"/>
      <l:template name="index" text="%t"/>
      <l:template name="indexdiv" text="%t"/>
      <l:template name="itemizedlist" text="%t"/>
      <l:template name="legalnotice" text="%t"/>
      <l:template name="listitem" text="%n"/>
      <l:template name="lot" text="%t"/>
      <l:template name="msg" text="%t"/>
      <l:template name="msgexplan" text="%t"/>
      <l:template name="msgmain" text="%t"/>
      <l:template name="msgrel" text="%t"/>
      <l:template name="msgset" text="%t"/>
      <l:template name="msgsub" text="%t"/>
      <l:template name="note" text="%t"/>
      <l:template name="orderedlist" text="%t"/>
      <l:template name="part" text="Teil %n. %t"/>
      <l:template name="partintro" text="%t"/>
      <l:template name="preface" text="%t"/>
      <l:template name="procedure" text="Prozedur&#160;%n"/>
      <l:template name="productionset" text="%t"/>
      <l:template name="qandadiv" text="%t"/>
      <l:template name="qandaentry" text="F:&#160;%n"/>
      <l:template name="qandaset" text="%t"/>
      <l:template name="question" text="F: %n"/>
      <l:template name="reference" text="%t"/>
      <l:template name="refsection" text="%t"/>
      <l:template name="refsect1" text="%t"/>
      <l:template name="refsect2" text="%t"/>
      <l:template name="refsect3" text="%t"/>
      <l:template name="refsynopsisdiv" text="%t"/>
      <l:template name="segmentedlist" text="%t"/>
      <l:template name="set" text="%t"/>
      <l:template name="setindex" text="%t"/>
      <l:template name="sidebar" text="%t"/>
      <l:template name="table" text="Tabelle %n. %t"/>
      <l:template name="tip" text="%t"/>
      <l:template name="toc" text="%t"/>
      <l:template name="variablelist" text="%t"/>
      <l:template name="varlistentry" text="%n"/>
      <l:template name="warning" text="%t"/>
      <l:template name="page.citation" text=" [%p]"/>
   </l:context>

   <l:context name="section-xref">
      <l:template name="bridgehead" text="&#8222;%t&#8220;"/>
      <l:template name="refsection" text="&#8222;%t&#8220;"/>
      <l:template name="refsect1" text="&#8222;%t&#8220;"/>
      <l:template name="refsect2" text="&#8222;%t&#8220;"/>
      <l:template name="refsect3" text="&#8222;%t&#8220;"/>
      <l:template name="sect1" text="&#8222;%t&#8220;"/>
      <l:template name="sect2" text="&#8222;%t&#8220;"/>
      <l:template name="sect3" text="&#8222;%t&#8220;"/>
      <l:template name="sect4" text="&#8222;%t&#8220;"/>
      <l:template name="sect5" text="&#8222;%t&#8220;"/>
      <l:template name="section" text="&#8222;%t&#8220;"/>
      <l:template name="simplesect" text="&#8222;%t&#8220;"/>
   </l:context>

   <l:context name="section-xref-numbered">
      <l:template name="bridgehead" text="&#8222;%t&#8220;"/>
      <l:template name="refsection" text="&#8222;%t&#8220;"/>
      <l:template name="refsect1" text="&#8222;%t&#8220;"/>
      <l:template name="refsect2" text="&#8222;%t&#8220;"/>
      <l:template name="refsect3" text="&#8222;%t&#8220;"/>
      <l:template name="sect1" text="Abschnitt %n"/>
      <l:template name="sect2" text="Abschnitt %n"/>
      <l:template name="sect3" text="Abschnitt %n"/>
      <l:template name="sect4" text="Abschnitt %n"/>
      <l:template name="sect5" text="Abschnitt %n"/>
      <l:template name="section" text="Abschnitt %n"/>
      <l:template name="simplesect" text="&#8222;%t&#8220;"/>
   </l:context>

   <l:context name="authorgroup">
      <l:template name="sep" text=", "/>
      <l:template name="sep2" text=" und "/>
      <l:template name="seplast" text=" und "/>
   </l:context>

   <l:context name="glossary">
      <l:template name="see" text="Siehe "/>
      <l:template name="seealso" text="Siehe auch "/>
   </l:context>

   <l:context name="msgset">
      <l:template name="MsgAud" text="Zielgruppe: "/>
      <l:template name="MsgLevel" text="Dringlichkeit: "/>
      <l:template name="MsgOrig" text="Ursprung: "/>
   </l:context>
</l:l10n>
