<?xml version="1.0" encoding="US-ASCII"?>
<l:l10n xmlns:l="http://docbook.sourceforge.net/xmlns/l10n/1.0" language="el" english-language-name="Greek">

<!-- This file is generated automatically. -->
<!-- Do not edit this file by hand! -->
<!-- See http://docbook.sourceforge.net/ -->
<!-- To update this file: edit the corresponding document at -->
<!-- http://cvs.sourceforge.net/cgi-bin/viewcvs.cgi/docbook/gentext/locale/ -->

   <l:gentext key="Abstract" text="&#208;&#229;&#241;&#223;&#235;&#231;&#248;&#231;"/>
   <l:gentext key="Answer" text="&#193;:"/>
   <l:gentext key="Appendix" text="&#208;&#225;&#241;&#220;&#241;&#244;&#231;&#236;&#225;"/>
   <l:gentext key="Article" text="&#182;&#241;&#232;&#241;&#239;"/>
   <l:gentext key="Bibliography" text="&#194;&#233;&#226;&#235;&#233;&#239;&#227;&#241;&#225;&#246;&#223;&#225;"/>
   <l:gentext key="Book" text="&#194;&#233;&#226;&#235;&#223;&#239;"/>
   <l:gentext key="CAUTION" text="&#208;&#209;&#207;&#211;&#207;&#215;&#199;"/>
   <l:gentext key="Caution" text="&#208;&#241;&#239;&#243;&#239;&#247;&#222;"/>
   <l:gentext key="Chapter" text="&#202;&#229;&#246;&#220;&#235;&#225;&#233;&#239;"/>
   <l:gentext key="Colophon" text="&#202;&#239;&#241;&#249;&#237;&#223;&#228;&#225;"/>
   <l:gentext key="Copyright" text="&#208;&#237;&#229;&#245;&#236;&#225;&#244;&#233;&#234;&#220; &#196;&#233;&#234;&#225;&#233;&#254;&#236;&#225;&#244;&#225;"/>
   <l:gentext key="Dedication" text="&#193;&#246;&#233;&#221;&#241;&#249;&#243;&#231;"/>
   <l:gentext key="Edition" text="&#184;&#234;&#228;&#239;&#243;&#231;"/>
   <l:gentext key="Equation" text="&#197;&#238;&#223;&#243;&#249;&#243;&#231;"/>
   <l:gentext key="Example" text="&#208;&#225;&#241;&#220;&#228;&#229;&#233;&#227;&#236;&#225;"/>
   <l:gentext key="Figure" text="&#211;&#247;&#222;&#236;&#225;"/>
   <l:gentext key="GlossSee" text="&#196;&#229;&#223;&#244;&#229;"/>
   <l:gentext key="GlossSeeAlso" text="&#196;&#229;&#223;&#244;&#229; &#197;&#240;&#223;&#243;&#231;&#242;"/>
   <l:gentext key="Glossary" text="&#195;&#235;&#249;&#243;&#243;&#220;&#241;&#233;&#239;"/>
   <l:gentext key="IMPORTANT" text="&#211;&#199;&#204;&#193;&#205;&#212;&#201;&#202;&#207;"/>
   <l:gentext key="ISBN" text="ISBN"/>
   <l:gentext key="Important" text="&#211;&#231;&#236;&#225;&#237;&#244;&#233;&#234;&#252;"/>
   <l:gentext key="Index" text="&#197;&#245;&#241;&#229;&#244;&#222;&#241;&#233;&#239;"/>
   <l:gentext key="LegalNotice" text="&#205;&#239;&#236;&#233;&#234;&#222; &#211;&#231;&#236;&#229;&#223;&#249;&#243;&#231;"/>
   <l:gentext key="MsgAud" text="&#193;&#234;&#241;&#239;&#225;&#244;&#222;&#241;&#233;&#239;"/>
   <l:gentext key="MsgLevel" text="&#197;&#240;&#223;&#240;&#229;&#228;&#239;"/>
   <l:gentext key="MsgOrig" text="&#208;&#231;&#227;&#222;"/>
   <l:gentext key="NOTE" text="&#211;&#199;&#204;&#197;&#201;&#217;&#211;&#199;"/>
   <l:gentext key="Note" text="&#211;&#231;&#236;&#229;&#223;&#249;&#243;&#231;"/>
   <l:gentext key="Part" text="&#204;&#221;&#241;&#239;&#242;"/>
   <l:gentext key="Preface" text="&#197;&#233;&#243;&#225;&#227;&#249;&#227;&#222;"/>
   <l:gentext key="Procedure" text="&#196;&#233;&#225;&#228;&#233;&#234;&#225;&#243;&#223;&#225;"/>
   <l:gentext key="ProductionSet" text="Production"/>
   <l:gentext key="Published" text="&#196;&#231;&#236;&#239;&#243;&#233;&#229;&#245;&#236;&#221;&#237;&#239;"/>
   <l:gentext key="Question" text="&#197;:"/>
   <l:gentext key="RefEntry" text=""/>
   <l:gentext key="RefName" text="&#188;&#237;&#239;&#236;&#225;"/>
   <l:gentext key="RefSection" text=""/>
   <l:gentext key="RefSynopsisDiv" text="&#211;&#253;&#237;&#239;&#248;&#231;"/>
   <l:gentext key="Reference" text="&#193;&#237;&#225;&#246;&#239;&#241;&#220;"/>
   <l:gentext key="RevHistory" text="&#201;&#243;&#244;&#239;&#241;&#233;&#234;&#252; &#193;&#237;&#225;&#232;&#229;&#249;&#241;&#222;&#243;&#229;&#249;&#237;"/>
   <l:gentext key="Revision" text="&#193;&#237;&#225;&#232;&#229;&#254;&#241;&#231;&#243;&#231;"/>
   <l:gentext key="Section" text="&#212;&#236;&#222;&#236;&#225;"/>
   <l:gentext key="See" text="&#196;&#229;&#223;&#244;&#229;"/>
   <l:gentext key="SeeAlso" text="&#196;&#229;&#223;&#244;&#229; &#197;&#240;&#223;&#243;&#231;&#242;"/>
   <l:gentext key="Seealso" text="&#196;&#229;&#223;&#244;&#229; &#229;&#240;&#223;&#243;&#231;&#242;"/>
   <l:gentext key="Set" text="&#211;&#253;&#237;&#239;&#235;&#239;"/>
   <l:gentext key="SetIndex" text="&#197;&#245;&#241;&#229;&#244;&#222;&#241;&#233;&#239; &#211;&#245;&#237;&#252;&#235;&#249;&#237;"/>
   <l:gentext key="Sidebar" text=""/>
   <l:gentext key="Step" text="&#214;&#220;&#243;&#231;"/>
   <l:gentext key="TIP" text="&#213;&#208;&#207;&#196;&#197;&#201;&#206;&#199;"/>
   <l:gentext key="Table" text="&#208;&#223;&#237;&#225;&#234;&#225;&#242;"/>
   <l:gentext key="Tip" text="&#213;&#240;&#252;&#228;&#229;&#233;&#238;&#231;"/>
   <l:gentext key="WARNING" text="&#208;&#209;&#207;&#197;&#201;&#196;&#207;&#208;&#207;&#201;&#199;&#211;&#199;"/>
   <l:gentext key="Warning" text="&#208;&#241;&#239;&#229;&#233;&#228;&#239;&#240;&#239;&#223;&#231;&#243;&#231;"/>
   <l:gentext key="abstract" text="&#208;&#229;&#241;&#223;&#235;&#231;&#248;&#231;"/>
   <l:gentext key="answer" text="&#193;:"/>
   <l:gentext key="appendix" text="&#240;&#225;&#241;&#220;&#241;&#244;&#231;&#236;&#225;"/>
   <l:gentext key="article" text="&#182;&#241;&#232;&#241;&#239;"/>
   <l:gentext key="bibliography" text="&#194;&#233;&#226;&#235;&#233;&#239;&#227;&#241;&#225;&#246;&#223;&#225;"/>
   <l:gentext key="book" text="&#194;&#233;&#226;&#235;&#223;&#239;"/>
   <l:gentext key="caution" text="&#208;&#241;&#239;&#243;&#239;&#247;&#222;"/>
   <l:gentext key="chapter" text="&#234;&#229;&#246;&#220;&#235;&#225;&#233;&#239;"/>
   <l:gentext key="colophon" text="&#202;&#239;&#241;&#249;&#237;&#223;&#228;&#225;"/>
   <l:gentext key="copyright" text="&#208;&#237;&#229;&#245;&#236;&#225;&#244;&#233;&#234;&#220; &#196;&#233;&#234;&#225;&#233;&#254;&#236;&#225;&#244;&#225;"/>
   <l:gentext key="dedication" text="&#193;&#246;&#233;&#221;&#241;&#249;&#243;&#231;"/>
   <l:gentext key="edition" text="&#184;&#234;&#228;&#239;&#243;&#231;"/>
   <l:gentext key="equation" text="&#197;&#238;&#223;&#243;&#249;&#243;&#231;"/>
   <l:gentext key="example" text="&#208;&#225;&#241;&#220;&#228;&#229;&#233;&#227;&#236;&#225;"/>
   <l:gentext key="figure" text="&#211;&#247;&#222;&#236;&#225;"/>
   <l:gentext key="glossary" text="&#195;&#235;&#249;&#243;&#243;&#220;&#241;&#233;&#239;"/>
   <l:gentext key="glosssee" text="&#196;&#229;&#223;&#244;&#229;"/>
   <l:gentext key="glossseealso" text="&#196;&#229;&#223;&#244;&#229; &#197;&#240;&#223;&#243;&#231;&#242;"/>
   <l:gentext key="important" text="&#211;&#231;&#236;&#225;&#237;&#244;&#233;&#234;&#252;"/>
   <l:gentext key="index" text="&#197;&#245;&#241;&#229;&#244;&#222;&#241;&#233;&#239;"/>
   <l:gentext key="isbn" text="ISBN"/>
   <l:gentext key="legalnotice" text="&#205;&#239;&#236;&#233;&#234;&#222; &#211;&#231;&#236;&#229;&#223;&#249;&#243;&#231;"/>
   <l:gentext key="msgaud" text="&#193;&#234;&#241;&#239;&#225;&#244;&#222;&#241;&#233;&#239;"/>
   <l:gentext key="msglevel" text="&#197;&#240;&#223;&#240;&#229;&#228;&#239;"/>
   <l:gentext key="msgorig" text="&#208;&#231;&#227;&#222;"/>
   <l:gentext key="note" text="&#211;&#231;&#236;&#229;&#223;&#249;&#243;&#231;"/>
   <l:gentext key="part" text="&#204;&#221;&#241;&#239;&#242;"/>
   <l:gentext key="preface" text="&#197;&#233;&#243;&#225;&#227;&#249;&#227;&#222;"/>
   <l:gentext key="procedure" text="&#196;&#233;&#225;&#228;&#233;&#234;&#225;&#243;&#223;&#225;"/>
   <l:gentext key="published" text="&#196;&#231;&#236;&#239;&#243;&#233;&#229;&#245;&#236;&#221;&#237;&#239;"/>
   <l:gentext key="question" text="&#197;:"/>
   <l:gentext key="refentry" text=""/>
   <l:gentext key="reference" text="&#193;&#237;&#225;&#246;&#239;&#241;&#220;"/>
   <l:gentext key="refname" text="&#188;&#237;&#239;&#236;&#225;"/>
   <l:gentext key="refsection" text=""/>
   <l:gentext key="refsynopsisdiv" text="&#211;&#253;&#237;&#239;&#248;&#231;"/>
   <l:gentext key="revhistory" text="&#201;&#243;&#244;&#239;&#241;&#233;&#234;&#252; &#193;&#237;&#225;&#232;&#229;&#249;&#241;&#222;&#243;&#229;&#249;&#237;"/>
   <l:gentext key="revision" text="&#193;&#237;&#225;&#232;&#229;&#254;&#241;&#231;&#243;&#231;"/>
   <l:gentext key="sect1" text="Section"/>
   <l:gentext key="sect2" text="Section"/>
   <l:gentext key="sect3" text="Section"/>
   <l:gentext key="sect4" text="Section"/>
   <l:gentext key="sect5" text="Section"/>
   <l:gentext key="section" text="&#244;&#236;&#222;&#236;&#225;"/>
   <l:gentext key="see" text="&#196;&#229;&#223;&#244;&#229;"/>
   <l:gentext key="seealso" text="&#196;&#229;&#223;&#244;&#229; &#197;&#240;&#223;&#243;&#231;&#242;"/>
   <l:gentext key="set" text="&#211;&#253;&#237;&#239;&#235;&#239;"/>
   <l:gentext key="setindex" text="&#197;&#245;&#241;&#229;&#244;&#222;&#241;&#233;&#239; &#211;&#245;&#237;&#252;&#235;&#249;&#237;"/>
   <l:gentext key="sidebar" text="&#229;&#240;&#229;&#238;&#231;&#227;&#231;&#236;&#225;&#244;&#233;&#234;&#252; &#240;&#235;&#229;&#245;&#241;&#233;&#234;&#252; &#225;&#241;&#232;&#241;&#223;&#228;&#233;&#239;"/>
   <l:gentext key="step" text="&#246;&#220;&#243;&#231;"/>
   <l:gentext key="table" text="&#208;&#223;&#237;&#225;&#234;&#225;&#242;"/>
   <l:gentext key="tip" text="&#213;&#240;&#252;&#228;&#229;&#233;&#238;&#231;"/>
   <l:gentext key="warning" text="&#208;&#241;&#239;&#229;&#233;&#228;&#239;&#240;&#239;&#223;&#231;&#243;&#231;"/>
   <l:gentext key="and" text="&#234;&#225;&#233;"/>
   <l:gentext key="by" text="&#225;&#240;&#252;"/>
   <l:gentext key="Edited" text="&#197;&#240;&#233;&#236;&#221;&#235;&#229;&#233;&#225;"/>
   <l:gentext key="edited" text="&#197;&#240;&#233;&#236;&#221;&#235;&#229;&#233;&#225;"/>
   <l:gentext key="Editedby" text="&#197;&#240;&#233;&#236;&#221;&#235;&#229;&#233;&#225; &#225;&#240;&#252;"/>
   <l:gentext key="editedby" text="&#197;&#240;&#233;&#236;&#221;&#235;&#229;&#233;&#225; &#225;&#240;&#252;"/>
   <l:gentext key="in" text="&#243;&#229;"/>
   <l:gentext key="lastlistcomma" text=","/>
   <l:gentext key="listcomma" text=","/>
   <l:gentext key="nonexistantelement" text="&#236;&#231;-&#245;&#240;&#225;&#241;&#234;&#244;&#252; &#243;&#244;&#239;&#233;&#247;&#229;&#223;&#239;"/>
   <l:gentext key="notes" text="&#211;&#231;&#236;&#229;&#233;&#254;&#243;&#229;&#233;&#242;"/>
   <l:gentext key="Notes" text="&#211;&#231;&#236;&#229;&#233;&#254;&#243;&#229;&#233;&#242;"/>
   <l:gentext key="Pgs" text="&#211;&#235;&#228;&#242;."/>
   <l:gentext key="pgs" text="&#211;&#235;&#228;&#242;."/>
   <l:gentext key="Revisedby" text="Revised by: "/>
   <l:gentext key="revisedby" text="Revised by: "/>
   <l:gentext key="TableNotes" text="&#208;&#223;&#237;&#225;&#234;&#225;&#242; &#211;&#231;&#236;&#229;&#233;&#254;&#243;&#229;&#249;&#237;"/>
   <l:gentext key="tablenotes" text="&#208;&#223;&#237;&#225;&#234;&#225;&#242; &#211;&#231;&#236;&#229;&#233;&#254;&#243;&#229;&#249;&#237;"/>
   <l:gentext key="TableofContents" text="&#208;&#223;&#237;&#225;&#234;&#225;&#242; &#208;&#229;&#241;&#233;&#229;&#247;&#239;&#236;&#221;&#237;&#249;&#237;"/>
   <l:gentext key="tableofcontents" text="&#208;&#223;&#237;&#225;&#234;&#225;&#242; &#208;&#229;&#241;&#233;&#229;&#247;&#239;&#236;&#221;&#237;&#249;&#237;"/>
   <l:gentext key="unexpectedelementname" text="&#204;&#231; &#225;&#237;&#225;&#236;&#229;&#237;&#252;&#236;&#229;&#237;&#239; &#252;&#237;&#239;&#236;&#225; &#243;&#244;&#239;&#233;&#247;&#229;&#223;&#239;&#245;"/>
   <l:gentext key="unsupported" text="&#236;&#231; &#245;&#240;&#239;&#243;&#244;&#231;&#241;&#233;&#230;&#252;&#236;&#229;&#237;&#239;"/>
   <l:gentext key="xrefto" text="&#225;&#237;&#244;&#233;&#240;&#225;&#241;&#225;&#240;&#239;&#236;&#240;&#222; &#243;&#229;"/>
   <l:gentext key="listofequations" text="&#202;&#225;&#244;&#220;&#235;&#239;&#227;&#239;&#242; &#197;&#238;&#233;&#243;&#254;&#243;&#229;&#249;&#237;"/>
   <l:gentext key="ListofEquations" text="&#202;&#225;&#244;&#220;&#235;&#239;&#227;&#239;&#242; &#197;&#238;&#233;&#243;&#254;&#243;&#229;&#249;&#237;"/>
   <l:gentext key="ListofExamples" text="&#202;&#225;&#244;&#220;&#235;&#239;&#227;&#239;&#242; &#208;&#225;&#241;&#225;&#228;&#229;&#233;&#227;&#236;&#220;&#244;&#249;&#237;"/>
   <l:gentext key="listofexamples" text="&#202;&#225;&#244;&#220;&#235;&#239;&#227;&#239;&#242; &#208;&#225;&#241;&#225;&#228;&#229;&#233;&#227;&#236;&#220;&#244;&#249;&#237;"/>
   <l:gentext key="ListofFigures" text="&#202;&#225;&#244;&#220;&#235;&#239;&#227;&#239;&#242; &#211;&#247;&#231;&#236;&#220;&#244;&#249;&#237;"/>
   <l:gentext key="listoffigures" text="&#202;&#225;&#244;&#220;&#235;&#239;&#227;&#239;&#242; &#211;&#247;&#231;&#236;&#220;&#244;&#249;&#237;"/>
   <l:gentext key="listoftables" text="&#202;&#225;&#244;&#220;&#235;&#239;&#227;&#239;&#242; &#208;&#233;&#237;&#220;&#234;&#249;&#237;"/>
   <l:gentext key="ListofTables" text="&#202;&#225;&#244;&#220;&#235;&#239;&#227;&#239;&#242; &#208;&#233;&#237;&#220;&#234;&#249;&#237;"/>
   <l:gentext key="ListofUnknown" text="&#202;&#225;&#244;&#220;&#235;&#239;&#227;&#239;&#242; &#193;&#227;&#237;&#254;&#243;&#244;&#249;&#237;"/>
   <l:gentext key="listofunknown" text="&#202;&#225;&#244;&#220;&#235;&#239;&#227;&#239;&#242; &#193;&#227;&#237;&#254;&#243;&#244;&#249;&#237;"/>
   <l:gentext key="nav-home" text="&#193;&#241;&#247;&#222;"/>
   <l:gentext key="nav-next" text="&#197;&#240;&#252;&#236;&#229;&#237;&#239;"/>
   <l:gentext key="nav-next-sibling" text="&#208;&#241;&#239;&#242; &#244;&#239; &#244;&#221;&#235;&#239;&#242;"/>
   <l:gentext key="nav-prev" text="&#208;&#241;&#239;&#231;&#227;"/>
   <l:gentext key="nav-prev-sibling" text="&#208;&#241;&#239;&#242; &#244;&#231;&#237; &#225;&#241;&#247;&#222;"/>
   <l:gentext key="nav-up" text="&#208;&#220;&#237;&#249;"/>
   <l:gentext key="sectioncalled" text="the section called"/>
   <l:gentext key="Draft" text="Draft"/>
   <l:gentext key="above" text="above"/>
   <l:gentext key="below" text="below"/>
   <l:gentext key="index symbols" text="Symbols"/>
   <l:gentext key="lowercase.alpha" text="abcdefghijklmnopqrstuvwxyz"/>
   <l:gentext key="uppercase.alpha" text="ABCDEFGHIJKLMNOPQRSTUVWXYZ"/>
   <l:dingbat key="startquote" text="&#8220;"/>
   <l:dingbat key="endquote" text="&#8221;"/>
   <l:dingbat key="nestedstartquote" text="&#8216;"/>
   <l:dingbat key="nestedendquote" text="&#8217;"/>
   <l:dingbat key="bullet" text="&#8226;"/>

   <l:context name="styles">
      <l:template name="person-name" text="first-last"/>
   </l:context>

   <l:context name="title">
      <l:template name="abstract" text="%t"/>
      <l:template name="answer" text="%t"/>
      <l:template name="appendix" text="&#208;&#225;&#241;&#220;&#241;&#244;&#231;&#236;&#225; %n. %t"/>
      <l:template name="article" text="%t"/>
      <l:template name="authorblurb" text="%t"/>
      <l:template name="bibliodiv" text="%t"/>
      <l:template name="biblioentry" text="%t"/>
      <l:template name="bibliography" text="%t"/>
      <l:template name="bibliomixed" text="%t"/>
      <l:template name="bibliomset" text="%t"/>
      <l:template name="biblioset" text="%t"/>
      <l:template name="blockquote" text="%t"/>
      <l:template name="book" text="%t"/>
      <l:template name="calloutlist" text="%t"/>
      <l:template name="caution" text="%t"/>
      <l:template name="chapter" text="&#202;&#229;&#246;&#220;&#235;&#225;&#233;&#239; %n. %t"/>
      <l:template name="colophon" text="%t"/>
      <l:template name="dedication" text="%t"/>
      <l:template name="equation" text="&#197;&#238;&#223;&#243;&#249;&#243;&#231; %n. %t"/>
      <l:template name="example" text="&#208;&#225;&#241;&#220;&#228;&#229;&#233;&#227;&#236;&#225; %n. %t"/>
      <l:template name="figure" text="&#211;&#247;&#222;&#236;&#225; %n. %t"/>
      <l:template name="formalpara" text="%t"/>
      <l:template name="glossary" text="%t"/>
      <l:template name="glossdiv" text="%t"/>
      <l:template name="important" text="%t"/>
      <l:template name="index" text="%t"/>
      <l:template name="indexdiv" text="%t"/>
      <l:template name="itemizedlist" text="%t"/>
      <l:template name="legalnotice" text="%t"/>
      <l:template name="listitem" text=""/>
      <l:template name="lot" text="%t"/>
      <l:template name="msg" text="%t"/>
      <l:template name="msgexplan" text="%t"/>
      <l:template name="msgmain" text="%t"/>
      <l:template name="msgrel" text="%t"/>
      <l:template name="msgset" text="%t"/>
      <l:template name="msgsub" text="%t"/>
      <l:template name="note" text="%t"/>
      <l:template name="orderedlist" text="%t"/>
      <l:template name="part" text="&#204;&#221;&#241;&#239;&#242; %n. %t"/>
      <l:template name="partintro" text="%t"/>
      <l:template name="preface" text="%t"/>
      <l:template name="procedure" text="%t"/>
      <l:template name="procedure.formal" text="&#196;&#233;&#225;&#228;&#233;&#234;&#225;&#243;&#223;&#225;&#160;%n.&#160;%t"/>
      <l:template name="productionset" text="%t"/>
      <l:template name="productionset.formal" text="Production&#160;%n"/>
      <l:template name="qandadiv" text="%t"/>
      <l:template name="qandaentry" text="%t"/>
      <l:template name="qandaset" text="%t"/>
      <l:template name="question" text="%t"/>
      <l:template name="refentry" text="%t"/>
      <l:template name="reference" text="%t"/>
      <l:template name="refsection" text="%t"/>
      <l:template name="refsect1" text="%t"/>
      <l:template name="refsect2" text="%t"/>
      <l:template name="refsect3" text="%t"/>
      <l:template name="refsynopsisdiv" text="%t"/>
      <l:template name="refsynopsisdivinfo" text="%t"/>
      <l:template name="segmentedlist" text="%t"/>
      <l:template name="set" text="%t"/>
      <l:template name="setindex" text="%t"/>
      <l:template name="sidebar" text="%t"/>
      <l:template name="step" text="%t"/>
      <l:template name="table" text="&#208;&#223;&#237;&#225;&#234;&#225;&#242; %n. %t"/>
      <l:template name="tip" text="%t"/>
      <l:template name="toc" text="%t"/>
      <l:template name="variablelist" text="%t"/>
      <l:template name="warning" text="%t"/>
   </l:context>

   <l:context name="title-unnumbered">
      <l:template name="appendix" text="%t"/>
      <l:template name="bridgehead" text="%t"/>
      <l:template name="chapter" text="%t"/>
      <l:template name="sect1" text="%t"/>
      <l:template name="sect2" text="%t"/>
      <l:template name="sect3" text="%t"/>
      <l:template name="sect4" text="%t"/>
      <l:template name="sect5" text="%t"/>
      <l:template name="section" text="%t"/>
      <l:template name="simplesect" text="%t"/>
   </l:context>

   <l:context name="title-numbered">
      <l:template name="appendix" text="&#208;&#225;&#241;&#220;&#241;&#244;&#231;&#236;&#225; %n. %t"/>
      <l:template name="bridgehead" text="%n.&#160;%t"/>
      <l:template name="chapter" text="&#202;&#229;&#246;&#220;&#235;&#225;&#233;&#239; %n. %t"/>
      <l:template name="sect1" text="%n. %t"/>
      <l:template name="sect2" text="%n. %t"/>
      <l:template name="sect3" text="%n. %t"/>
      <l:template name="sect4" text="%n. %t"/>
      <l:template name="sect5" text="%n. %t"/>
      <l:template name="section" text="%n. %t"/>
      <l:template name="simplesect" text="%n. %t"/>
   </l:context>

   <l:context name="subtitle">
      <l:template name="appendix" text="%s"/>
      <l:template name="article" text="%s"/>
      <l:template name="bibliodiv" text="%s"/>
      <l:template name="biblioentry" text="%s"/>
      <l:template name="bibliography" text="%s"/>
      <l:template name="bibliomixed" text="%s"/>
      <l:template name="bibliomset" text="%s"/>
      <l:template name="biblioset" text="%s"/>
      <l:template name="book" text="%s"/>
      <l:template name="chapter" text="%s"/>
      <l:template name="colophon" text="%s"/>
      <l:template name="dedication" text="%s"/>
      <l:template name="glossary" text="%s"/>
      <l:template name="glossdiv" text="%s"/>
      <l:template name="index" text="%s"/>
      <l:template name="indexdiv" text="%s"/>
      <l:template name="lot" text="%s"/>
      <l:template name="part" text="%s"/>
      <l:template name="partintro" text="%s"/>
      <l:template name="preface" text="%s"/>
      <l:template name="refentry" text="%s"/>
      <l:template name="reference" text="%s"/>
      <l:template name="refsection" text="%s"/>
      <l:template name="refsect1" text="%s"/>
      <l:template name="refsect2" text="%s"/>
      <l:template name="refsect3" text="%s"/>
      <l:template name="refsynopsisdiv" text="%s"/>
      <l:template name="sect1" text="%s"/>
      <l:template name="sect2" text="%s"/>
      <l:template name="sect3" text="%s"/>
      <l:template name="sect4" text="%s"/>
      <l:template name="sect5" text="%s"/>
      <l:template name="section" text="%s"/>
      <l:template name="set" text="%s"/>
      <l:template name="setindex" text="%s"/>
      <l:template name="sidebar" text="%s"/>
      <l:template name="simplesect" text="%s"/>
      <l:template name="toc" text="%s"/>
   </l:context>

   <l:context name="xref">
      <l:template name="abstract" text="%t"/>
      <l:template name="answer" text="&#193;:&#160;%n"/>
      <l:template name="appendix" text="&#208;&#225;&#241;&#220;&#241;&#244;&#231;&#236;&#225; %n. %t"/>
      <l:template name="article" text="%t"/>
      <l:template name="authorblurb" text="%t"/>
      <l:template name="bibliodiv" text="%t"/>
      <l:template name="bibliography" text="%t"/>
      <l:template name="bibliomset" text="%t"/>
      <l:template name="biblioset" text="%t"/>
      <l:template name="blockquote" text="%t"/>
      <l:template name="book" text="%t"/>
      <l:template name="calloutlist" text="%t"/>
      <l:template name="caution" text="%t"/>
      <l:template name="chapter" text="&#202;&#229;&#246;&#220;&#235;&#225;&#233;&#239; %n. %t"/>
      <l:template name="colophon" text="%t"/>
      <l:template name="constraintdef" text="%t"/>
      <l:template name="dedication" text="%t"/>
      <l:template name="equation" text="&#197;&#238;&#223;&#243;&#249;&#243;&#231;&#160;%n"/>
      <l:template name="example" text="&#208;&#225;&#241;&#220;&#228;&#229;&#233;&#227;&#236;&#225; %n. %t"/>
      <l:template name="figure" text="&#211;&#247;&#222;&#236;&#225; %n. %t"/>
      <l:template name="formalpara" text="%t"/>
      <l:template name="glossary" text="%t"/>
      <l:template name="glossdiv" text="%t"/>
      <l:template name="important" text="%t"/>
      <l:template name="index" text="%t"/>
      <l:template name="indexdiv" text="%t"/>
      <l:template name="itemizedlist" text="%t"/>
      <l:template name="legalnotice" text="%t"/>
      <l:template name="listitem" text="%n"/>
      <l:template name="lot" text="%t"/>
      <l:template name="msg" text="%t"/>
      <l:template name="msgexplan" text="%t"/>
      <l:template name="msgmain" text="%t"/>
      <l:template name="msgrel" text="%t"/>
      <l:template name="msgset" text="%t"/>
      <l:template name="msgsub" text="%t"/>
      <l:template name="note" text="%t"/>
      <l:template name="orderedlist" text="%t"/>
      <l:template name="page.citation" text=" [%p]"/>
      <l:template name="part" text="&#204;&#221;&#241;&#239;&#242; %n. %t"/>
      <l:template name="partintro" text="%t"/>
      <l:template name="preface" text="%t"/>
      <l:template name="procedure" text="&#196;&#233;&#225;&#228;&#233;&#234;&#225;&#243;&#223;&#225;&#160;%n"/>
      <l:template name="productionset" text="%t"/>
      <l:template name="qandadiv" text="%t"/>
      <l:template name="qandaentry" text="&#197;:&#160;%n"/>
      <l:template name="qandaset" text="%t"/>
      <l:template name="question" text="&#197;:&#160;%n"/>
      <l:template name="reference" text="%t"/>
      <l:template name="refsection" text="%t"/>
      <l:template name="refsect1" text="%t"/>
      <l:template name="refsect2" text="%t"/>
      <l:template name="refsect3" text="%t"/>
      <l:template name="refsynopsisdiv" text="%t"/>
      <l:template name="segmentedlist" text="%t"/>
      <l:template name="set" text="%t"/>
      <l:template name="setindex" text="%t"/>
      <l:template name="sidebar" text="%t"/>
      <l:template name="table" text="&#208;&#223;&#237;&#225;&#234;&#225;&#242; %n. %t"/>
      <l:template name="tip" text="%t"/>
      <l:template name="toc" text="%t"/>
      <l:template name="variablelist" text="%t"/>
      <l:template name="varlistentry" text="%n"/>
      <l:template name="warning" text="%t"/>
   </l:context>

   <l:context name="section-xref">
      <l:template name="bridgehead" text="&#8220;%t&#8221;"/>
      <l:template name="refsection" text="&#8220;%t&#8221;"/>
      <l:template name="refsect1" text="&#8220;%t&#8221;"/>
      <l:template name="refsect2" text="&#8220;%t&#8221;"/>
      <l:template name="refsect3" text="&#8220;%t&#8221;"/>
      <l:template name="sect1" text="&#8220;%t&#8221;"/>
      <l:template name="sect2" text="&#8220;%t&#8221;"/>
      <l:template name="sect3" text="&#8220;%t&#8221;"/>
      <l:template name="sect4" text="&#8220;%t&#8221;"/>
      <l:template name="sect5" text="&#8220;%t&#8221;"/>
      <l:template name="section" text="&#8220;%t&#8221;"/>
      <l:template name="simplesect" text="&#8220;%t&#8221;"/>
   </l:context>

   <l:context name="section-xref-numbered">
      <l:template name="bridgehead" text="&#8220;%t&#8221;"/>
      <l:template name="refsection" text="&#8220;%t&#8221;"/>
      <l:template name="refsect1" text="&#8220;%t&#8221;"/>
      <l:template name="refsect2" text="&#8220;%t&#8221;"/>
      <l:template name="refsect3" text="&#8220;%t&#8221;"/>
      <l:template name="sect1" text="&#212;&#236;&#222;&#236;&#225; %n"/>
      <l:template name="sect2" text="&#212;&#236;&#222;&#236;&#225; %n"/>
      <l:template name="sect3" text="&#212;&#236;&#222;&#236;&#225; %n"/>
      <l:template name="sect4" text="&#212;&#236;&#222;&#236;&#225; %n"/>
      <l:template name="sect5" text="&#212;&#236;&#222;&#236;&#225; %n"/>
      <l:template name="section" text="&#212;&#236;&#222;&#236;&#225; %n"/>
      <l:template name="simplesect" text="&#8220;%t&#8221;"/>
   </l:context>

   <l:context name="authorgroup">
      <l:template name="sep" text=", "/>
      <l:template name="sep2" text=" &#234;&#225;&#233; "/>
      <l:template name="seplast" text=", &#234;&#225;&#233; "/>
   </l:context>

   <l:context name="glossary">
      <l:template name="see" text="&#196;&#229;&#223;&#244;&#229; "/>
      <l:template name="seealso" text="&#196;&#229;&#223;&#244;&#229; &#197;&#240;&#223;&#243;&#231;&#242; "/>
   </l:context>

   <l:context name="msgset">
      <l:template name="MsgAud" text="&#193;&#234;&#241;&#239;&#225;&#244;&#222;&#241;&#233;&#239;: "/>
      <l:template name="MsgLevel" text="&#197;&#240;&#223;&#240;&#229;&#228;&#239;: "/>
      <l:template name="MsgOrig" text="&#208;&#231;&#227;&#222;: "/>
   </l:context>
</l:l10n>
