<?xml version="1.0" encoding="US-ASCII"?>
<l:l10n xmlns:l="http://docbook.sourceforge.net/xmlns/l10n/1.0" language="en" english-language-name="English">

<!-- This file is generated automatically. -->
<!-- Do not edit this file by hand! -->
<!-- See http://docbook.sourceforge.net/ -->
<!-- To update this file: edit the corresponding document at -->
<!-- http://cvs.sourceforge.net/cgi-bin/viewcvs.cgi/docbook/gentext/locale/ -->

   <l:gentext key="Abstract" text="Abstract"/>
   <l:gentext key="abstract" text="Abstract"/>
   <l:gentext key="Answer" text="A:"/>
   <l:gentext key="answer" text="A:"/>
   <l:gentext key="Appendix" text="Appendix"/>
   <l:gentext key="appendix" text="appendix"/>
   <l:gentext key="Article" text="Article"/>
   <l:gentext key="article" text="Article"/>
   <l:gentext key="Bibliography" text="Bibliography"/>
   <l:gentext key="bibliography" text="Bibliography"/>
   <l:gentext key="Book" text="Book"/>
   <l:gentext key="book" text="Book"/>
   <l:gentext key="CAUTION" text="CAUTION"/>
   <l:gentext key="Caution" text="Caution"/>
   <l:gentext key="caution" text="Caution"/>
   <l:gentext key="Chapter" text="Chapter"/>
   <l:gentext key="chapter" text="chapter"/>
   <l:gentext key="Colophon" text="Colophon"/>
   <l:gentext key="colophon" text="Colophon"/>
   <l:gentext key="Copyright" text="Copyright"/>
   <l:gentext key="copyright" text="Copyright"/>
   <l:gentext key="Dedication" text="Dedication"/>
   <l:gentext key="dedication" text="Dedication"/>
   <l:gentext key="Edition" text="Edition"/>
   <l:gentext key="edition" text="Edition"/>
   <l:gentext key="Equation" text="Equation"/>
   <l:gentext key="equation" text="Equation"/>
   <l:gentext key="Example" text="Example"/>
   <l:gentext key="example" text="Example"/>
   <l:gentext key="Figure" text="Figure"/>
   <l:gentext key="figure" text="Figure"/>
   <l:gentext key="Glossary" text="Glossary"/>
   <l:gentext key="glossary" text="Glossary"/>
   <l:gentext key="GlossSee" text="See"/>
   <l:gentext key="glosssee" text="See"/>
   <l:gentext key="GlossSeeAlso" text="See Also"/>
   <l:gentext key="glossseealso" text="See Also"/>
   <l:gentext key="IMPORTANT" text="IMPORTANT"/>
   <l:gentext key="important" text="Important"/>
   <l:gentext key="Important" text="Important"/>
   <l:gentext key="Index" text="Index"/>
   <l:gentext key="index" text="Index"/>
   <l:gentext key="ISBN" text="ISBN"/>
   <l:gentext key="isbn" text="ISBN"/>
   <l:gentext key="LegalNotice" text="Legal Notice"/>
   <l:gentext key="legalnotice" text="Legal Notice"/>
   <l:gentext key="MsgAud" text="Audience"/>
   <l:gentext key="msgaud" text="Audience"/>
   <l:gentext key="MsgLevel" text="Level"/>
   <l:gentext key="msglevel" text="Level"/>
   <l:gentext key="MsgOrig" text="Origin"/>
   <l:gentext key="msgorig" text="Origin"/>
   <l:gentext key="NOTE" text="NOTE"/>
   <l:gentext key="Note" text="Note"/>
   <l:gentext key="note" text="Note"/>
   <l:gentext key="Part" text="Part"/>
   <l:gentext key="part" text="Part"/>
   <l:gentext key="Preface" text="Preface"/>
   <l:gentext key="preface" text="Preface"/>
   <l:gentext key="Procedure" text="Procedure"/>
   <l:gentext key="procedure" text="Procedure"/>
   <l:gentext key="ProductionSet" text="Production"/>
   <l:gentext key="Published" text="Published"/>
   <l:gentext key="published" text="Published"/>
   <l:gentext key="Question" text="Q:"/>
   <l:gentext key="question" text="Q:"/>
   <l:gentext key="RefEntry" text=""/>
   <l:gentext key="refentry" text=""/>
   <l:gentext key="Reference" text="Reference"/>
   <l:gentext key="reference" text="Reference"/>
   <l:gentext key="RefName" text="Name"/>
   <l:gentext key="refname" text="Name"/>
   <l:gentext key="RefSection" text=""/>
   <l:gentext key="refsection" text=""/>
   <l:gentext key="RefSynopsisDiv" text="Synopsis"/>
   <l:gentext key="refsynopsisdiv" text="Synopsis"/>
   <l:gentext key="RevHistory" text="Revision History"/>
   <l:gentext key="revhistory" text="Revision History"/>
   <l:gentext key="revision" text="Revision"/>
   <l:gentext key="Revision" text="Revision"/>
   <l:gentext key="sect1" text="Section"/>
   <l:gentext key="sect2" text="Section"/>
   <l:gentext key="sect3" text="Section"/>
   <l:gentext key="sect4" text="Section"/>
   <l:gentext key="sect5" text="Section"/>
   <l:gentext key="section" text="Section"/>
   <l:gentext key="Section" text="Section"/>
   <l:gentext key="see" text="see"/>
   <l:gentext key="seealso" text="see also"/>
   <l:gentext key="set" text="Set"/>
   <l:gentext key="Set" text="Set"/>
   <l:gentext key="setindex" text="Set Index"/>
   <l:gentext key="SetIndex" text="Set Index"/>
   <l:gentext key="Sidebar" text=""/>
   <l:gentext key="sidebar" text="sidebar"/>
   <l:gentext key="step" text="step"/>
   <l:gentext key="Step" text="Step"/>
   <l:gentext key="Table" text="Table"/>
   <l:gentext key="table" text="Table"/>
   <l:gentext key="tip" text="Tip"/>
   <l:gentext key="TIP" text="TIP"/>
   <l:gentext key="Tip" text="Tip"/>
   <l:gentext key="Warning" text="Warning"/>
   <l:gentext key="warning" text="Warning"/>
   <l:gentext key="WARNING" text="WARNING"/>
   <l:gentext key="and" text="and"/>
   <l:gentext key="by" text="by"/>
   <l:gentext key="Edited" text="Edited"/>
   <l:gentext key="edited" text="Edited"/>
   <l:gentext key="Editedby" text="Edited by"/>
   <l:gentext key="editedby" text="Edited by"/>
   <l:gentext key="in" text="in"/>
   <l:gentext key="lastlistcomma" text=","/>
   <l:gentext key="listcomma" text=","/>
   <l:gentext key="nonexistantelement" text="non-existant element"/>
   <l:gentext key="notes" text="Notes"/>
   <l:gentext key="Notes" text="Notes"/>
   <l:gentext key="Pgs" text="Pgs."/>
   <l:gentext key="pgs" text="Pgs."/>
   <l:gentext key="Revisedby" text="Revised by: "/>
   <l:gentext key="revisedby" text="Revised by: "/>
   <l:gentext key="TableNotes" text="Notes"/>
   <l:gentext key="tablenotes" text="Notes"/>
   <l:gentext key="TableofContents" text="Table of Contents"/>
   <l:gentext key="tableofcontents" text="Table of Contents"/>
   <l:gentext key="unexpectedelementname" text="Unexpected element name"/>
   <l:gentext key="unsupported" text="unsupported"/>
   <l:gentext key="xrefto" text="xref to"/>
   <l:gentext key="listofequations" text="List of Equations"/>
   <l:gentext key="ListofEquations" text="List of Equations"/>
   <l:gentext key="ListofExamples" text="List of Examples"/>
   <l:gentext key="listofexamples" text="List of Examples"/>
   <l:gentext key="ListofFigures" text="List of Figures"/>
   <l:gentext key="listoffigures" text="List of Figures"/>
   <l:gentext key="ListofProcedures" text="List of Procedures"/>
   <l:gentext key="listofprocedures" text="List of Procedures"/>
   <l:gentext key="listoftables" text="List of Tables"/>
   <l:gentext key="ListofTables" text="List of Tables"/>
   <l:gentext key="ListofUnknown" text="List of Unknown"/>
   <l:gentext key="listofunknown" text="List of Unknown"/>
   <l:gentext key="nav-home" text="Home"/>
   <l:gentext key="nav-next" text="Next"/>
   <l:gentext key="nav-next-sibling" text="Fast Forward"/>
   <l:gentext key="nav-prev" text="Prev"/>
   <l:gentext key="nav-prev-sibling" text="Fast Backward"/>
   <l:gentext key="nav-up" text="Up"/>
   <l:gentext key="nav-toc" text="ToC"/>
   <l:gentext key="Draft" text="Draft"/>
   <l:gentext key="above" text="above"/>
   <l:gentext key="below" text="below"/>
   <l:gentext key="sectioncalled" text="the section called"/>
   <l:gentext key="index symbols" text="Symbols"/>
   <l:gentext key="lowercase.alpha" text="abcdefghijklmnopqrstuvwxyz"/>
   <l:gentext key="uppercase.alpha" text="ABCDEFGHIJKLMNOPQRSTUVWXYZ"/>
   <l:dingbat key="startquote" text="&#8220;"/>
   <l:dingbat key="endquote" text="&#8221;"/>
   <l:dingbat key="nestedstartquote" text="&#8216;"/>
   <l:dingbat key="nestedendquote" text="&#8217;"/>
   <l:dingbat key="bullet" text="&#8226;"/>

   <l:context name="styles">
      <l:template name="person-name" text="first-last"/>
   </l:context>

   <l:context name="title">
      <l:template name="abstract" text="%t"/>
      <l:template name="answer" text="%t"/>
      <l:template name="appendix" text="Appendix&#160;%n.&#160;%t"/>
      <l:template name="article" text="%t"/>
      <l:template name="authorblurb" text="%t"/>
      <l:template name="bibliodiv" text="%t"/>
      <l:template name="biblioentry" text="%t"/>
      <l:template name="bibliography" text="%t"/>
      <l:template name="bibliomixed" text="%t"/>
      <l:template name="bibliomset" text="%t"/>
      <l:template name="biblioset" text="%t"/>
      <l:template name="blockquote" text="%t"/>
      <l:template name="book" text="%t"/>
      <l:template name="calloutlist" text="%t"/>
      <l:template name="caution" text="%t"/>
      <l:template name="chapter" text="Chapter&#160;%n.&#160;%t"/>
      <l:template name="colophon" text="%t"/>
      <l:template name="dedication" text="%t"/>
      <l:template name="equation" text="Equation&#160;%n.&#160;%t"/>
      <l:template name="example" text="Example&#160;%n.&#160;%t"/>
      <l:template name="figure" text="Figure&#160;%n.&#160;%t"/>
      <l:template name="formalpara" text="%t"/>
      <l:template name="glossary" text="%t"/>
      <l:template name="glossdiv" text="%t"/>
      <l:template name="glossentry" text="%t"/>
      <l:template name="important" text="%t"/>
      <l:template name="index" text="%t"/>
      <l:template name="indexdiv" text="%t"/>
      <l:template name="itemizedlist" text="%t"/>
      <l:template name="legalnotice" text="%t"/>
      <l:template name="listitem" text=""/>
      <l:template name="lot" text="%t"/>
      <l:template name="msg" text="%t"/>
      <l:template name="msgexplan" text="%t"/>
      <l:template name="msgmain" text="%t"/>
      <l:template name="msgrel" text="%t"/>
      <l:template name="msgset" text="%t"/>
      <l:template name="msgsub" text="%t"/>
      <l:template name="note" text="%t"/>
      <l:template name="orderedlist" text="%t"/>
      <l:template name="part" text="Part&#160;%n.&#160;%t"/>
      <l:template name="partintro" text="%t"/>
      <l:template name="preface" text="%t"/>
      <l:template name="procedure" text="%t"/>
      <l:template name="procedure.formal" text="Procedure&#160;%n.&#160;%t"/>
      <l:template name="productionset" text="%t"/>
      <l:template name="productionset.formal" text="Production&#160;%n"/>
      <l:template name="qandadiv" text="%t"/>
      <l:template name="qandaentry" text="%t"/>
      <l:template name="qandaset" text="%t"/>
      <l:template name="question" text="%t"/>
      <l:template name="refentry" text="%t"/>
      <l:template name="reference" text="%t"/>
      <l:template name="refsection" text="%t"/>
      <l:template name="refsect1" text="%t"/>
      <l:template name="refsect2" text="%t"/>
      <l:template name="refsect3" text="%t"/>
      <l:template name="refsynopsisdiv" text="%t"/>
      <l:template name="refsynopsisdivinfo" text="%t"/>
      <l:template name="segmentedlist" text="%t"/>
      <l:template name="set" text="%t"/>
      <l:template name="setindex" text="%t"/>
      <l:template name="sidebar" text="%t"/>
      <l:template name="step" text="%t"/>
      <l:template name="table" text="Table&#160;%n.&#160;%t"/>
      <l:template name="tip" text="%t"/>
      <l:template name="toc" text="%t"/>
      <l:template name="variablelist" text="%t"/>
      <l:template name="varlistentry" text=""/>
      <l:template name="warning" text="%t"/>
   </l:context>

   <l:context name="title-unnumbered">
      <l:template name="appendix" text="%t"/>
      <l:template name="article/appendix" text="%t"/>
      <l:template name="bridgehead" text="%t"/>
      <l:template name="chapter" text="%t"/>
      <l:template name="sect1" text="%t"/>
      <l:template name="sect2" text="%t"/>
      <l:template name="sect3" text="%t"/>
      <l:template name="sect4" text="%t"/>
      <l:template name="sect5" text="%t"/>
      <l:template name="section" text="%t"/>
      <l:template name="simplesect" text="%t"/>
   </l:context>

   <l:context name="title-numbered">
      <l:template name="appendix" text="Appendix&#160;%n.&#160;%t"/>
      <l:template name="article/appendix" text="%n.&#160;%t"/>
      <l:template name="bridgehead" text="%n.&#160;%t"/>
      <l:template name="chapter" text="Chapter&#160;%n.&#160;%t"/>
      <l:template name="sect1" text="%n.&#160;%t"/>
      <l:template name="sect2" text="%n.&#160;%t"/>
      <l:template name="sect3" text="%n.&#160;%t"/>
      <l:template name="sect4" text="%n.&#160;%t"/>
      <l:template name="sect5" text="%n.&#160;%t"/>
      <l:template name="section" text="%n.&#160;%t"/>
      <l:template name="simplesect" text="%t"/>
   </l:context>

   <l:context name="subtitle">
      <l:template name="appendix" text="%s"/>
      <l:template name="article" text="%s"/>
      <l:template name="bibliodiv" text="%s"/>
      <l:template name="biblioentry" text="%s"/>
      <l:template name="bibliography" text="%s"/>
      <l:template name="bibliomixed" text="%s"/>
      <l:template name="bibliomset" text="%s"/>
      <l:template name="biblioset" text="%s"/>
      <l:template name="book" text="%s"/>
      <l:template name="chapter" text="%s"/>
      <l:template name="colophon" text="%s"/>
      <l:template name="dedication" text="%s"/>
      <l:template name="glossary" text="%s"/>
      <l:template name="glossdiv" text="%s"/>
      <l:template name="index" text="%s"/>
      <l:template name="indexdiv" text="%s"/>
      <l:template name="lot" text="%s"/>
      <l:template name="part" text="%s"/>
      <l:template name="partintro" text="%s"/>
      <l:template name="preface" text="%s"/>
      <l:template name="refentry" text="%s"/>
      <l:template name="reference" text="%s"/>
      <l:template name="refsection" text="%s"/>
      <l:template name="refsect1" text="%s"/>
      <l:template name="refsect2" text="%s"/>
      <l:template name="refsect3" text="%s"/>
      <l:template name="refsynopsisdiv" text="%s"/>
      <l:template name="sect1" text="%s"/>
      <l:template name="sect2" text="%s"/>
      <l:template name="sect3" text="%s"/>
      <l:template name="sect4" text="%s"/>
      <l:template name="sect5" text="%s"/>
      <l:template name="section" text="%s"/>
      <l:template name="set" text="%s"/>
      <l:template name="setindex" text="%s"/>
      <l:template name="sidebar" text="%s"/>
      <l:template name="simplesect" text="%s"/>
      <l:template name="toc" text="%s"/>
   </l:context>

   <l:context name="xref">
      <l:template name="abstract" text="%t"/>
      <l:template name="answer" text="A:&#160;%n"/>
      <l:template name="appendix" text="Appendix&#160;%n"/>
      <l:template name="article" text="%t"/>
      <l:template name="authorblurb" text="%t"/>
      <l:template name="bibliodiv" text="%t"/>
      <l:template name="bibliography" text="%t"/>
      <l:template name="bibliomset" text="%t"/>
      <l:template name="biblioset" text="%t"/>
      <l:template name="blockquote" text="%t"/>
      <l:template name="book" text="%t"/>
      <l:template name="calloutlist" text="%t"/>
      <l:template name="caution" text="%t"/>
      <l:template name="chapter" text="Chapter&#160;%n"/>
      <l:template name="colophon" text="%t"/>
      <l:template name="constraintdef" text="%t"/>
      <l:template name="dedication" text="%t"/>
      <l:template name="equation" text="Equation&#160;%n"/>
      <l:template name="example" text="Example&#160;%n"/>
      <l:template name="figure" style="title" text="Figure&#160;%n.&#160;%t"/>
      <l:template name="figure" text="Figure&#160;%n"/>
      <l:template name="formalpara" text="%t"/>
      <l:template name="glossary" text="%t"/>
      <l:template name="glossdiv" text="%t"/>
      <l:template name="important" text="%t"/>
      <l:template name="index" text="%t"/>
      <l:template name="indexdiv" text="%t"/>
      <l:template name="itemizedlist" text="%t"/>
      <l:template name="legalnotice" text="%t"/>
      <l:template name="listitem" text="%n"/>
      <l:template name="lot" text="%t"/>
      <l:template name="msg" text="%t"/>
      <l:template name="msgexplan" text="%t"/>
      <l:template name="msgmain" text="%t"/>
      <l:template name="msgrel" text="%t"/>
      <l:template name="msgset" text="%t"/>
      <l:template name="msgsub" text="%t"/>
      <l:template name="note" text="%t"/>
      <l:template name="orderedlist" text="%t"/>
      <l:template name="part" text="Part&#160;%n"/>
      <l:template name="partintro" text="%t"/>
      <l:template name="preface" text="%t"/>
      <l:template name="procedure" text="Procedure&#160;%n"/>
      <l:template name="productionset" text="%t"/>
      <l:template name="qandadiv" text="%t"/>
      <l:template name="qandaentry" text="Q:&#160;%n"/>
      <l:template name="qandaset" text="%t"/>
      <l:template name="question" text="Q:&#160;%n"/>
      <l:template name="reference" text="%t"/>
      <l:template name="refsection" text="%t"/>
      <l:template name="refsect1" text="%t"/>
      <l:template name="refsect2" text="%t"/>
      <l:template name="refsect3" text="%t"/>
      <l:template name="refsynopsisdiv" text="%t"/>
      <l:template name="segmentedlist" text="%t"/>
      <l:template name="set" text="%t"/>
      <l:template name="setindex" text="%t"/>
      <l:template name="sidebar" text="%t"/>
      <l:template name="table" text="Table&#160;%n"/>
      <l:template name="tip" text="%t"/>
      <l:template name="toc" text="%t"/>
      <l:template name="variablelist" text="%t"/>
      <l:template name="varlistentry" text="%n"/>
      <l:template name="warning" text="%t"/>
      <l:template name="page.citation" text=" [%p]"/>
   </l:context>

   <l:context name="section-xref">
      <l:template name="bridgehead" text="the section called &#8220;%t&#8221;"/>
      <l:template name="refsection" text="the section called &#8220;%t&#8221;"/>
      <l:template name="refsect1" text="the section called &#8220;%t&#8221;"/>
      <l:template name="refsect2" text="the section called &#8220;%t&#8221;"/>
      <l:template name="refsect3" text="the section called &#8220;%t&#8221;"/>
      <l:template name="sect1" text="the section called &#8220;%t&#8221;"/>
      <l:template name="sect2" text="the section called &#8220;%t&#8221;"/>
      <l:template name="sect3" text="the section called &#8220;%t&#8221;"/>
      <l:template name="sect4" text="the section called &#8220;%t&#8221;"/>
      <l:template name="sect5" text="the section called &#8220;%t&#8221;"/>
      <l:template name="section" text="the section called &#8220;%t&#8221;"/>
      <l:template name="simplesect" text="the section called &#8220;%t&#8221;"/>
   </l:context>

   <l:context name="section-xref-numbered">
      <l:template name="bridgehead" text="Section&#160;%n"/>
      <l:template name="refsection" text="the section called &#8220;%t&#8221;"/>
      <l:template name="refsect1" text="the section called &#8220;%t&#8221;"/>
      <l:template name="refsect2" text="the section called &#8220;%t&#8221;"/>
      <l:template name="refsect3" text="the section called &#8220;%t&#8221;"/>
      <l:template name="sect1" text="Section&#160;%n"/>
      <l:template name="sect2" text="Section&#160;%n"/>
      <l:template name="sect3" text="Section&#160;%n"/>
      <l:template name="sect4" text="Section&#160;%n"/>
      <l:template name="sect5" text="Section&#160;%n"/>
      <l:template name="section" text="Section&#160;%n"/>
      <l:template name="simplesect" text="the section called &#8220;%t&#8221;"/>
   </l:context>

   <l:context name="xref-number-and-title">
      <l:template name="bridgehead" text="Section&#160;%n, &#8220;%t&#8221;"/>
      <l:template name="refsection" text="the section called &#8220;%t&#8221;"/>
      <l:template name="refsect1" text="the section called &#8220;%t&#8221;"/>
      <l:template name="refsect2" text="the section called &#8220;%t&#8221;"/>
      <l:template name="refsect3" text="the section called &#8220;%t&#8221;"/>
      <l:template name="sect1" text="Section&#160;%n, &#8220;%t&#8221;"/>
      <l:template name="sect2" text="Section&#160;%n, &#8220;%t&#8221;"/>
      <l:template name="sect3" text="Section&#160;%n, &#8220;%t&#8221;"/>
      <l:template name="sect4" text="Section&#160;%n, &#8220;%t&#8221;"/>
      <l:template name="sect5" text="Section&#160;%n, &#8220;%t&#8221;"/>
      <l:template name="section" text="Section&#160;%n, &#8220;%t&#8221;"/>
      <l:template name="simplesect" text="the section called &#8220;%t&#8221;"/>
      <l:template name="chapter" text="Chapter&#160;%n, %t"/>
      <l:template name="appendix" text="Appendix&#160;%n, %t"/>
   </l:context>

   <l:context name="authorgroup">
      <l:template name="sep" text=", "/>
      <l:template name="sep2" text=" and "/>
      <l:template name="seplast" text=", and "/>
   </l:context>

   <l:context name="glossary">
      <l:template name="see" text="See "/>
      <l:template name="seealso" text="See Also "/>
   </l:context>

   <l:context name="msgset">
      <l:template name="MsgAud" text="Audience: "/>
      <l:template name="MsgLevel" text="Level: "/>
      <l:template name="MsgOrig" text="Origin: "/>
   </l:context>
</l:l10n>
