<?xml version="1.0" encoding="US-ASCII"?>
<l:l10n xmlns:l="http://docbook.sourceforge.net/xmlns/l10n/1.0" language="pl" english-language-name="Polish">

<!-- This file is generated automatically. -->
<!-- Do not edit this file by hand! -->
<!-- See http://docbook.sourceforge.net/ -->
<!-- To update this file: edit the corresponding document at -->
<!-- http://cvs.sourceforge.net/cgi-bin/viewcvs.cgi/docbook/gentext/locale/ -->

   <l:gentext key="Abstract" text="Abstrakt"/>
   <l:gentext key="abstract" text="Abstrakt"/>
   <l:gentext key="Answer" text="Odp:"/>
   <l:gentext key="answer" text="Odp:"/>
   <l:gentext key="Appendix" text="Dodatek"/>
   <l:gentext key="appendix" text="dodatek"/>
   <l:gentext key="Article" text="Artyku&#322;"/>
   <l:gentext key="article" text="Artyku&#322;"/>
   <l:gentext key="Bibliography" text="Bibliografia"/>
   <l:gentext key="bibliography" text="Bibliografia"/>
   <l:gentext key="Book" text="Ksi&#261;&#380;ka"/>
   <l:gentext key="book" text="Ksi&#261;&#380;ka"/>
   <l:gentext key="CAUTION" text="PRZYPADEK"/>
   <l:gentext key="Caution" text="Uwaga!"/>
   <l:gentext key="caution" text="Uwaga!"/>
   <l:gentext key="Chapter" text="Rozdzia&#322;"/>
   <l:gentext key="chapter" text="rozdzia&#322;;"/>
   <l:gentext key="Colophon" text="Colophon"/>
   <l:gentext key="colophon" text="Colophon"/>
   <l:gentext key="Copyright" text="Copyright"/>
   <l:gentext key="copyright" text="Copyright"/>
   <l:gentext key="Dedication" text="Dedykacja"/>
   <l:gentext key="dedication" text="Dedykacja"/>
   <l:gentext key="Edition" text="Wydanie"/>
   <l:gentext key="edition" text="Wydanie"/>
   <l:gentext key="Equation" text="R&#243;wnanie"/>
   <l:gentext key="equation" text="R&#243;wnanie"/>
   <l:gentext key="Example" text="Przyk&#322;ad"/>
   <l:gentext key="example" text="Przyk&#322;ad"/>
   <l:gentext key="Figure" text="Rysunek"/>
   <l:gentext key="figure" text="Rysunek"/>
   <l:gentext key="Glossary" text="Glossary"/>
   <l:gentext key="glossary" text="Glossary"/>
   <l:gentext key="GlossSee" text="Patrz"/>
   <l:gentext key="glosssee" text="Patrz"/>
   <l:gentext key="GlossSeeAlso" text="Patrz te&#380;"/>
   <l:gentext key="glossseealso" text="Patrz te&#380;"/>
   <l:gentext key="IMPORTANT" text="WA&#379;NE"/>
   <l:gentext key="Important" text="WA&#379;NE"/>
   <l:gentext key="important" text="WA&#379;NE"/>
   <l:gentext key="Index" text="Indeks"/>
   <l:gentext key="index" text="Indeks"/>
   <l:gentext key="ISBN" text="ISBN"/>
   <l:gentext key="isbn" text="ISBN"/>
   <l:gentext key="LegalNotice" text=""/>
   <l:gentext key="legalnotice" text=""/>
   <l:gentext key="MsgAud" text="Odbiorcy"/>
   <l:gentext key="msgaud" text="Odbiorcy"/>
   <l:gentext key="MsgLevel" text="Poziom"/>
   <l:gentext key="msglevel" text="Poziom"/>
   <l:gentext key="MsgOrig" text="Nadawca"/>
   <l:gentext key="msgorig" text="Nadawca"/>
   <l:gentext key="NOTE" text="Notatka"/>
   <l:gentext key="Note" text="Notatka"/>
   <l:gentext key="note" text="Notatka"/>
   <l:gentext key="Part" text="Cz&#281;&#347;&#263;"/>
   <l:gentext key="part" text="Cz&#281;&#347;&#263;"/>
   <l:gentext key="Preface" text="Przedmowa"/>
   <l:gentext key="preface" text="Przedmowa"/>
   <l:gentext key="Procedure" text="Procedura"/>
   <l:gentext key="procedure" text="Procedura"/>
   <l:gentext key="ProductionSet" text="Production"/>
   <l:gentext key="Published" text="Data wydania"/>
   <l:gentext key="published" text="Data wydania"/>
   <l:gentext key="question" text="Pyt:"/>
   <l:gentext key="Question" text="Pyt:"/>
   <l:gentext key="RefEntry" text=""/>
   <l:gentext key="refentry" text=""/>
   <l:gentext key="Reference" text="Materia&#322;y &#378;r&#243;d&#322;owe"/>
   <l:gentext key="reference" text="Materia&#322;y &#378;r&#243;d&#322;owe"/>
   <l:gentext key="RefName" text="Nazwa"/>
   <l:gentext key="refname" text="Nazwa"/>
   <l:gentext key="RefSection" text=""/>
   <l:gentext key="refsection" text=""/>
   <l:gentext key="RefSynopsisDiv" text="Synopsis"/>
   <l:gentext key="refsynopsisdiv" text="Synopsis"/>
   <l:gentext key="RevHistory" text="Historia zmian"/>
   <l:gentext key="revhistory" text="Historia zmian"/>
   <l:gentext key="Revision" text="Zmiana"/>
   <l:gentext key="revision" text="Zmiana"/>
   <l:gentext key="sect1" text="Section"/>
   <l:gentext key="sect2" text="Section"/>
   <l:gentext key="sect3" text="Section"/>
   <l:gentext key="sect4" text="Section"/>
   <l:gentext key="sect5" text="Section"/>
   <l:gentext key="Section" text="Sekcja"/>
   <l:gentext key="section" text="sekcja"/>
   <l:gentext key="See" text="Patrz"/>
   <l:gentext key="see" text="Patrz"/>
   <l:gentext key="SeeAlso" text="Patrz te&#380;"/>
   <l:gentext key="Seealso" text="Patrz te&#380;"/>
   <l:gentext key="seealso" text="Patrz te&#380;"/>
   <l:gentext key="Set" text="Set"/>
   <l:gentext key="set" text="Set"/>
   <l:gentext key="SetIndex" text="Indeks"/>
   <l:gentext key="setindex" text="Indeks"/>
   <l:gentext key="Sidebar" text=""/>
   <l:gentext key="sidebar" text=""/>
   <l:gentext key="Step" text="krok"/>
   <l:gentext key="step" text="krok"/>
   <l:gentext key="Table" text="Tabela"/>
   <l:gentext key="table" text="Tabela"/>
   <l:gentext key="TIP" text="Podpowied&#378;"/>
   <l:gentext key="Tip" text="Podpowied&#378;"/>
   <l:gentext key="tip" text="Podpowied&#378;"/>
   <l:gentext key="WARNING" text="Ostrze&#380;enie"/>
   <l:gentext key="Warning" text="Ostrze&#380;enie"/>
   <l:gentext key="warning" text="Ostrze&#380;enie"/>
   <l:gentext key="and" text="i"/>
   <l:gentext key="by" text=""/>
   <l:gentext key="Edited" text="Edited"/>
   <l:gentext key="edited" text="Edited"/>
   <l:gentext key="Editedby" text="Redakcja: "/>
   <l:gentext key="editedby" text="Redakcja: "/>
   <l:gentext key="in" text="w"/>
   <l:gentext key="lastlistcomma" text=","/>
   <l:gentext key="listcomma" text=","/>
   <l:gentext key="nonexistantelement" text="nie istniej&#261;cy element"/>
   <l:gentext key="notes" text="Przypisy"/>
   <l:gentext key="Notes" text="Przypisy"/>
   <l:gentext key="Pgs" text="stron"/>
   <l:gentext key="pgs" text="stron"/>
   <l:gentext key="Revisedby" text="Revised by: "/>
   <l:gentext key="revisedby" text="Revised by: "/>
   <l:gentext key="TableNotes" text="Przypisy"/>
   <l:gentext key="tablenotes" text="Przypisy"/>
   <l:gentext key="TableofContents" text="Spis tre&#347;ci"/>
   <l:gentext key="tableofcontents" text="Spis tre&#347;ci"/>
   <l:gentext key="unexpectedelementname" text="Unexpected element name"/>
   <l:gentext key="unsupported" text="nie wspierany"/>
   <l:gentext key="xrefto" text="xref to"/>
   <l:gentext key="listofequations" text="Spis r&#243;wna&#324;"/>
   <l:gentext key="ListofEquations" text="Spis r&#243;wna&#324;"/>
   <l:gentext key="ListofExamples" text="Spis przyk&#322;ad&#243;w"/>
   <l:gentext key="listofexamples" text="Spis przyk&#322;ad&#243;w"/>
   <l:gentext key="ListofFigures" text="Spis rysunk&#243;w"/>
   <l:gentext key="listoffigures" text="Spis rysunk&#243;w"/>
   <l:gentext key="listoftables" text="Spis tabel"/>
   <l:gentext key="ListofTables" text="Spis tabel"/>
   <l:gentext key="ListofUnknown" text="Spis ???"/>
   <l:gentext key="listofunknown" text="Spis ???"/>
   <l:gentext key="nav-home" text="Spis tre&#347;ci"/>
   <l:gentext key="nav-next" text="Nast&#281;pny"/>
   <l:gentext key="nav-next-sibling" text="Nast&#281;pny rozdzia&#322;"/>
   <l:gentext key="nav-prev" text="Poprzedni"/>
   <l:gentext key="nav-prev-sibling" text="Poprzedni rozdzia&#322;"/>
   <l:gentext key="nav-up" text="Pocz&#261;tek rozdzia&#322;u"/>
   <l:gentext key="sectioncalled" text="the section called"/>
   <l:gentext key="Draft" text="Draft"/>
   <l:gentext key="above" text="above"/>
   <l:gentext key="below" text="below"/>
   <l:gentext key="index symbols" text="Symbols"/>
   <l:gentext key="lowercase.alpha" text="abcdefghijklmnopqrstuvwxyz"/>
   <l:gentext key="uppercase.alpha" text="ABCDEFGHIJKLMNOPQRSTUVWXYZ"/>
   <l:dingbat key="startquote" text="&#8222;"/>
   <l:dingbat key="endquote" text="&#8221;"/>
   <l:dingbat key="nestedstartquote" text="&#171;"/>
   <l:dingbat key="nestedendquote" text="&#187;"/>
   <l:dingbat key="bullet" text="&#2022;"/>

   <l:context name="styles">
      <l:template name="person-name" text="first-last"/>
   </l:context>

   <l:context name="title">
      <l:template name="abstract" text="%t"/>
      <l:template name="answer" text="%t"/>
      <l:template name="appendix" text="Dodatek %n. %t"/>
      <l:template name="article" text="%t"/>
      <l:template name="authorblurb" text="%t"/>
      <l:template name="bibliodiv" text="%t"/>
      <l:template name="biblioentry" text="%t"/>
      <l:template name="bibliography" text="%t"/>
      <l:template name="bibliomixed" text="%t"/>
      <l:template name="bibliomset" text="%t"/>
      <l:template name="biblioset" text="%t"/>
      <l:template name="blockquote" text="%t"/>
      <l:template name="book" text="%t"/>
      <l:template name="calloutlist" text="%t"/>
      <l:template name="caution" text="%t"/>
      <l:template name="chapter" text="Rozdzia&#322; %n. %t"/>
      <l:template name="colophon" text="%t"/>
      <l:template name="dedication" text="%t"/>
      <l:template name="equation" text="R&#243;wnanie %n. %t"/>
      <l:template name="example" text="Przyk&#322;ad %n. %t"/>
      <l:template name="figure" text="Rysunek %n. %t"/>
      <l:template name="formalpara" text="%t"/>
      <l:template name="glossary" text="%t"/>
      <l:template name="glossdiv" text="%t"/>
      <l:template name="important" text="%t"/>
      <l:template name="index" text="%t"/>
      <l:template name="indexdiv" text="%t"/>
      <l:template name="itemizedlist" text="%t"/>
      <l:template name="legalnotice" text="%t"/>
      <l:template name="listitem" text=""/>
      <l:template name="lot" text="%t"/>
      <l:template name="msg" text="%t"/>
      <l:template name="msgexplan" text="%t"/>
      <l:template name="msgmain" text="%t"/>
      <l:template name="msgrel" text="%t"/>
      <l:template name="msgset" text="%t"/>
      <l:template name="msgsub" text="%t"/>
      <l:template name="note" text="%t"/>
      <l:template name="orderedlist" text="%t"/>
      <l:template name="part" text="Cz&#281;&#347;&#263; %n. %t"/>
      <l:template name="partintro" text="%t"/>
      <l:template name="preface" text="%t"/>
      <l:template name="procedure" text="%t"/>
      <l:template name="procedure.formal" text="Procedura&#160;%n.&#160;%t"/>
      <l:template name="productionset" text="%t"/>
      <l:template name="productionset.formal" text="Production&#160;%n"/>
      <l:template name="qandadiv" text="%t"/>
      <l:template name="qandaentry" text="%t"/>
      <l:template name="qandaset" text="%t"/>
      <l:template name="question" text="%t"/>
      <l:template name="refentry" text="%t"/>
      <l:template name="reference" text="%t"/>
      <l:template name="refsection" text="%t"/>
      <l:template name="refsect1" text="%t"/>
      <l:template name="refsect2" text="%t"/>
      <l:template name="refsect3" text="%t"/>
      <l:template name="refsynopsisdiv" text="%t"/>
      <l:template name="refsynopsisdivinfo" text="%t"/>
      <l:template name="segmentedlist" text="%t"/>
      <l:template name="set" text="%t"/>
      <l:template name="setindex" text="%t"/>
      <l:template name="sidebar" text="%t"/>
      <l:template name="step" text="%t"/>
      <l:template name="table" text="Tabela %n. %t"/>
      <l:template name="tip" text="%t"/>
      <l:template name="toc" text="%t"/>
      <l:template name="variablelist" text="%t"/>
      <l:template name="warning" text="%t"/>
   </l:context>

   <l:context name="title-unnumbered">
      <l:template name="appendix" text="%t"/>
      <l:template name="bridgehead" text="%t"/>
      <l:template name="chapter" text="%t"/>
      <l:template name="sect1" text="%t"/>
      <l:template name="sect2" text="%t"/>
      <l:template name="sect3" text="%t"/>
      <l:template name="sect4" text="%t"/>
      <l:template name="sect5" text="%t"/>
      <l:template name="section" text="%t"/>
      <l:template name="simplesect" text="%t"/>
   </l:context>

   <l:context name="title-numbered">
      <l:template name="appendix" text="Dodatek %n. %t"/>
      <l:template name="bridgehead" text="%t"/>
      <l:template name="chapter" text="Rozdzia&#322; %n. %t"/>
      <l:template name="sect1" text="%n. %t"/>
      <l:template name="sect2" text="%n. %t"/>
      <l:template name="sect3" text="%n. %t"/>
      <l:template name="sect4" text="%n. %t"/>
      <l:template name="sect5" text="%n. %t"/>
      <l:template name="section" text="%n. %t"/>
      <l:template name="simplesect" text="%n. %t"/>
   </l:context>

   <l:context name="subtitle">
      <l:template name="appendix" text="%s"/>
      <l:template name="article" text="%s"/>
      <l:template name="bibliodiv" text="%s"/>
      <l:template name="biblioentry" text="%s"/>
      <l:template name="bibliography" text="%s"/>
      <l:template name="bibliomixed" text="%s"/>
      <l:template name="bibliomset" text="%s"/>
      <l:template name="biblioset" text="%s"/>
      <l:template name="book" text="%s"/>
      <l:template name="chapter" text="%s"/>
      <l:template name="colophon" text="%s"/>
      <l:template name="dedication" text="%s"/>
      <l:template name="glossary" text="%s"/>
      <l:template name="glossdiv" text="%s"/>
      <l:template name="index" text="%s"/>
      <l:template name="indexdiv" text="%s"/>
      <l:template name="lot" text="%s"/>
      <l:template name="part" text="%s"/>
      <l:template name="partintro" text="%s"/>
      <l:template name="preface" text="%s"/>
      <l:template name="refentry" text="%s"/>
      <l:template name="reference" text="%s"/>
      <l:template name="refsection" text="%s"/>
      <l:template name="refsect1" text="%s"/>
      <l:template name="refsect2" text="%s"/>
      <l:template name="refsect3" text="%s"/>
      <l:template name="refsynopsisdiv" text="%s"/>
      <l:template name="sect1" text="%s"/>
      <l:template name="sect2" text="%s"/>
      <l:template name="sect3" text="%s"/>
      <l:template name="sect4" text="%s"/>
      <l:template name="sect5" text="%s"/>
      <l:template name="section" text="%s"/>
      <l:template name="set" text="%s"/>
      <l:template name="setindex" text="%s"/>
      <l:template name="sidebar" text="%s"/>
      <l:template name="simplesect" text="%s"/>
      <l:template name="toc" text="%s"/>
   </l:context>

   <l:context name="xref">
      <l:template name="abstract" text="%t"/>
      <l:template name="answer" text="Odp:&#160;%n"/>
      <l:template name="appendix" text="Dodatek %n. %t"/>
      <l:template name="article" text="%t"/>
      <l:template name="authorblurb" text="%t"/>
      <l:template name="bibliodiv" text="%t"/>
      <l:template name="bibliography" text="%t"/>
      <l:template name="bibliomset" text="%t"/>
      <l:template name="biblioset" text="%t"/>
      <l:template name="blockquote" text="%t"/>
      <l:template name="book" text="%t"/>
      <l:template name="calloutlist" text="%t"/>
      <l:template name="caution" text="%t"/>
      <l:template name="chapter" text="Rozdzia&#322; %n. %t"/>
      <l:template name="colophon" text="%t"/>
      <l:template name="constraintdef" text="%t"/>
      <l:template name="dedication" text="%t"/>
      <l:template name="equation" text="R&#243;wnanie&#160;%n"/>
      <l:template name="example" text="Przyk&#322;ad %n. %t"/>
      <l:template name="figure" text="Rysunek %n. %t"/>
      <l:template name="formalpara" text="%t"/>
      <l:template name="glossary" text="%t"/>
      <l:template name="glossdiv" text="%t"/>
      <l:template name="important" text="%t"/>
      <l:template name="index" text="%t"/>
      <l:template name="indexdiv" text="%t"/>
      <l:template name="itemizedlist" text="%t"/>
      <l:template name="legalnotice" text="%t"/>
      <l:template name="listitem" text="%n"/>
      <l:template name="lot" text="%t"/>
      <l:template name="msg" text="%t"/>
      <l:template name="msgexplan" text="%t"/>
      <l:template name="msgmain" text="%t"/>
      <l:template name="msgrel" text="%t"/>
      <l:template name="msgset" text="%t"/>
      <l:template name="msgsub" text="%t"/>
      <l:template name="note" text="%t"/>
      <l:template name="orderedlist" text="%t"/>
      <l:template name="part" text="Cz&#281;&#347;&#263; %n. %t"/>
      <l:template name="partintro" text="%t"/>
      <l:template name="preface" text="%t"/>
      <l:template name="procedure" text="Procedura&#160;%n"/>
      <l:template name="productionset" text="%t"/>
      <l:template name="qandadiv" text="%t"/>
      <l:template name="qandaentry" text="Pyt:&#160;%n"/>
      <l:template name="qandaset" text="%t"/>
      <l:template name="question" text="Pyt:&#160;%n"/>
      <l:template name="reference" text="%t"/>
      <l:template name="refsection" text="%t"/>
      <l:template name="refsect1" text="%t"/>
      <l:template name="refsect2" text="%t"/>
      <l:template name="refsect3" text="%t"/>
      <l:template name="refsynopsisdiv" text="%t"/>
      <l:template name="segmentedlist" text="%t"/>
      <l:template name="set" text="%t"/>
      <l:template name="setindex" text="%t"/>
      <l:template name="sidebar" text="%t"/>
      <l:template name="table" text="Tabela %n. %t"/>
      <l:template name="tip" text="%t"/>
      <l:template name="toc" text="%t"/>
      <l:template name="variablelist" text="%t"/>
      <l:template name="varlistentry" text="%n"/>
      <l:template name="warning" text="%t"/>
      <l:template name="page.citation" text=" [%p]"/>
   </l:context>

   <l:context name="section-xref">
      <l:template name="bridgehead" text="&#8220;%t&#8221;"/>
      <l:template name="refsection" text="&#8220;%t&#8221;"/>
      <l:template name="refsect1" text="&#8220;%t&#8221;"/>
      <l:template name="refsect2" text="&#8220;%t&#8221;"/>
      <l:template name="refsect3" text="&#8220;%t&#8221;"/>
      <l:template name="sect1" text="&#8220;%t&#8221;"/>
      <l:template name="sect2" text="&#8220;%t&#8221;"/>
      <l:template name="sect3" text="&#8220;%t&#8221;"/>
      <l:template name="sect4" text="&#8220;%t&#8221;"/>
      <l:template name="sect5" text="&#8220;%t&#8221;"/>
      <l:template name="section" text="&#8220;%t&#8221;"/>
      <l:template name="simplesect" text="&#8220;%t&#8221;"/>
   </l:context>

   <l:context name="section-xref-numbered">
      <l:template name="bridgehead" text="&#8220;%t&#8221;"/>
      <l:template name="refsection" text="&#8220;%t&#8221;"/>
      <l:template name="refsect1" text="&#8220;%t&#8221;"/>
      <l:template name="refsect2" text="&#8220;%t&#8221;"/>
      <l:template name="refsect3" text="&#8220;%t&#8221;"/>
      <l:template name="sect1" text="Sekcja %n"/>
      <l:template name="sect2" text="Sekcja %n"/>
      <l:template name="sect3" text="Sekcja %n"/>
      <l:template name="sect4" text="Sekcja %n"/>
      <l:template name="sect5" text="Sekcja %n"/>
      <l:template name="section" text="Sekcja %n"/>
      <l:template name="simplesect" text="&#8220;%t&#8221;"/>
   </l:context>

   <l:context name="authorgroup">
      <l:template name="sep" text=", "/>
      <l:template name="sep2" text=" i "/>
      <l:template name="seplast" text=", i "/>
   </l:context>

   <l:context name="glossary">
      <l:template name="see" text="Patrz "/>
      <l:template name="seealso" text="Patrz te&#380; "/>
   </l:context>

   <l:context name="msgset">
      <l:template name="MsgAud" text="Odbiorcy: "/>
      <l:template name="MsgLevel" text="Poziom: "/>
      <l:template name="MsgOrig" text="Nadawca: "/>
   </l:context>
</l:l10n>
