<?xml version="1.0" encoding="US-ASCII"?>
<l:l10n xmlns:l="http://docbook.sourceforge.net/xmlns/l10n/1.0" language="ro" english-language-name="Romanian">

<!-- This file is generated automatically. -->
<!-- Do not edit this file by hand! -->
<!-- See http://docbook.sourceforge.net/ -->
<!-- To update this file: edit the corresponding document at -->
<!-- http://cvs.sourceforge.net/cgi-bin/viewcvs.cgi/docbook/gentext/locale/ -->

   <l:gentext key="Abstract" text="Rezumat"/>
   <l:gentext key="abstract" text="Rezumat"/>
   <l:gentext key="Answer" text="A:"/>
   <l:gentext key="answer" text="A:"/>
   <l:gentext key="Appendix" text="Anexa"/>
   <l:gentext key="appendix" text="anexa"/>
   <l:gentext key="Article" text="Articol"/>
   <l:gentext key="article" text="Articol"/>
   <l:gentext key="Bibliography" text="Bibliografie"/>
   <l:gentext key="bibliography" text="Bibliografie"/>
   <l:gentext key="Book" text="Carte"/>
   <l:gentext key="book" text="Carte"/>
   <l:gentext key="CAUTION" text="ATEN&#222;IE"/>
   <l:gentext key="Caution" text="Aten&#254;ie"/>
   <l:gentext key="caution" text="Aten&#254;ie"/>
   <l:gentext key="Chapter" text="Cap."/>
   <l:gentext key="chapter" text="cap."/>
   <l:gentext key="Colophon" text="Colophon"/>
   <l:gentext key="colophon" text="Colophon"/>
   <l:gentext key="Copyright" text="Copyright"/>
   <l:gentext key="copyright" text="Copyright"/>
   <l:gentext key="Dedication" text="Dedica&#254;ie"/>
   <l:gentext key="dedication" text="Dedica&#254;ie"/>
   <l:gentext key="Edition" text="Edi&#254;ie"/>
   <l:gentext key="edition" text="Edi&#254;ie"/>
   <l:gentext key="Equation" text="ecua&#254;ia"/>
   <l:gentext key="equation" text="ecua&#254;ia"/>
   <l:gentext key="Example" text="Exemplu"/>
   <l:gentext key="example" text="Exemplu"/>
   <l:gentext key="Figure" text="Fig."/>
   <l:gentext key="figure" text="Fig."/>
   <l:gentext key="Glossary" text="Glosar"/>
   <l:gentext key="glossary" text="Glosar"/>
   <l:gentext key="GlossSee" text="Vezi"/>
   <l:gentext key="glosssee" text="Vezi"/>
   <l:gentext key="GlossSeeAlso" text="Vezi &#351;i"/>
   <l:gentext key="glossseealso" text="Vezi &#351;i"/>
   <l:gentext key="IMPORTANT" text="IMPORTANT"/>
   <l:gentext key="Important" text="Important"/>
   <l:gentext key="important" text="Important"/>
   <l:gentext key="Index" text="Index"/>
   <l:gentext key="index" text="Index"/>
   <l:gentext key="ISBN" text="ISBN"/>
   <l:gentext key="isbn" text="ISBN"/>
   <l:gentext key="LegalNotice" text=""/>
   <l:gentext key="legalnotice" text=""/>
   <l:gentext key="MsgAud" text=""/>
   <l:gentext key="msgaud" text=""/>
   <l:gentext key="MsgLevel" text="Nivel"/>
   <l:gentext key="msglevel" text="Nivel"/>
   <l:gentext key="MsgOrig" text="Origine"/>
   <l:gentext key="msgorig" text="Origine"/>
   <l:gentext key="NOTE" text="NOT&#195;"/>
   <l:gentext key="Note" text="Not&#227;"/>
   <l:gentext key="note" text="Not&#227;"/>
   <l:gentext key="Part" text="Parte"/>
   <l:gentext key="part" text="Parte"/>
   <l:gentext key="Preface" text="Prefa&#254;&#227;"/>
   <l:gentext key="preface" text="Prefa&#254;&#227;"/>
   <l:gentext key="Procedure" text="Procedur&#227;"/>
   <l:gentext key="procedure" text="Procedur&#227;"/>
   <l:gentext key="ProductionSet" text="Production"/>
   <l:gentext key="Published" text="Publicat"/>
   <l:gentext key="published" text="Publicat"/>
   <l:gentext key="Question" text="Q:"/>
   <l:gentext key="question" text="Q:"/>
   <l:gentext key="RefEntry" text=""/>
   <l:gentext key="refentry" text=""/>
   <l:gentext key="Reference" text="Referin&#254;&#227;"/>
   <l:gentext key="reference" text="Referin&#254;&#227;"/>
   <l:gentext key="RefName" text="Nume"/>
   <l:gentext key="refname" text="Nume"/>
   <l:gentext key="RefSection" text=""/>
   <l:gentext key="refsection" text=""/>
   <l:gentext key="RefSynopsisDiv" text="Rezumat"/>
   <l:gentext key="refsynopsisdiv" text="Rezumat"/>
   <l:gentext key="RevHistory" text="Istoricul versiunilor"/>
   <l:gentext key="revhistory" text="Istoricul versiunilor"/>
   <l:gentext key="Revision" text="Versiune"/>
   <l:gentext key="revision" text="Versiune"/>
   <l:gentext key="sect1" text="Section"/>
   <l:gentext key="sect2" text="Section"/>
   <l:gentext key="sect3" text="Section"/>
   <l:gentext key="sect4" text="Section"/>
   <l:gentext key="sect5" text="Section"/>
   <l:gentext key="Section" text="Sec&#254;iune"/>
   <l:gentext key="section" text="sec."/>
   <l:gentext key="See" text="Vezi"/>
   <l:gentext key="see" text="Vezi"/>
   <l:gentext key="SeeAlso" text="Vezi &#351;i"/>
   <l:gentext key="Seealso" text="Vezi &#351;i"/>
   <l:gentext key="seealso" text="Vezi &#351;i"/>
   <l:gentext key="Set" text="Set"/>
   <l:gentext key="set" text="Set"/>
   <l:gentext key="SetIndex" text="Index"/>
   <l:gentext key="setindex" text="Index"/>
   <l:gentext key="Sidebar" text=""/>
   <l:gentext key="sidebar" text="sidebar"/>
   <l:gentext key="Step" text="Opera&#254;ie"/>
   <l:gentext key="step" text="opera&#254;iune"/>
   <l:gentext key="Table" text="Tabel"/>
   <l:gentext key="table" text="Tabel"/>
   <l:gentext key="TIP" text="INDICA&#222;IE"/>
   <l:gentext key="Tip" text="Indica&#254;ie"/>
   <l:gentext key="tip" text="Indica&#254;ie"/>
   <l:gentext key="WARNING" text="AVERTISMENT"/>
   <l:gentext key="Warning" text="Avertisment"/>
   <l:gentext key="warning" text="Avertisment"/>
   <l:gentext key="and" text="&#351;i"/>
   <l:gentext key="by" text="de"/>
   <l:gentext key="Edited" text="Publicat"/>
   <l:gentext key="edited" text="Publicat"/>
   <l:gentext key="Editedby" text="Publicat de"/>
   <l:gentext key="editedby" text="Publicat de"/>
   <l:gentext key="in" text="&#238;n"/>
   <l:gentext key="lastlistcomma" text=","/>
   <l:gentext key="listcomma" text=","/>
   <l:gentext key="nonexistantelement" text="element inexistent"/>
   <l:gentext key="notes" text="Note"/>
   <l:gentext key="Notes" text="Note"/>
   <l:gentext key="Pgs" text="Pagini"/>
   <l:gentext key="pgs" text="Pagini"/>
   <l:gentext key="Revisedby" text="Revised by: "/>
   <l:gentext key="revisedby" text="Revised by: "/>
   <l:gentext key="TableNotes" text="Remarci"/>
   <l:gentext key="tablenotes" text="Remarci"/>
   <l:gentext key="TableofContents" text="Cuprins"/>
   <l:gentext key="tableofcontents" text="Cuprins"/>
   <l:gentext key="unexpectedelementname" text="Nume de element nea&#351;teptat"/>
   <l:gentext key="unsupported" text="nerecunoscut de sisitem"/>
   <l:gentext key="xrefto" text="referin&#254;&#227; c&#227;tre"/>
   <l:gentext key="listofequations" text="List&#227; de ecua&#254;ii"/>
   <l:gentext key="ListofEquations" text="List&#227; de ecua&#254;ii"/>
   <l:gentext key="ListofExamples" text="List&#227; de exemple"/>
   <l:gentext key="listofexamples" text="List&#227; de exemple"/>
   <l:gentext key="ListofFigures" text="List&#227; de figuri"/>
   <l:gentext key="listoffigures" text="List&#227; de figuri"/>
   <l:gentext key="listoftables" text="List&#227; de tabele"/>
   <l:gentext key="ListofTables" text="List&#227; de tabele"/>
   <l:gentext key="ListofUnknown" text="List&#227; de necunoscute"/>
   <l:gentext key="listofunknown" text="List&#227; de necunoscute"/>
   <l:gentext key="nav-home" text="Acas&#227;"/>
   <l:gentext key="nav-next" text="&#206;nainte"/>
   <l:gentext key="nav-next-sibling" text="Repede &#239;nainte"/>
   <l:gentext key="nav-prev" text="&#206;napoi"/>
   <l:gentext key="nav-prev-sibling" text="Repede &#238;napoi"/>
   <l:gentext key="nav-up" text="Sus"/>
   <l:gentext key="sectioncalled" text="the section called"/>
   <l:gentext key="Draft" text="Draft"/>
   <l:gentext key="above" text="above"/>
   <l:gentext key="below" text="below"/>
   <l:gentext key="index symbols" text="Symbols"/>
   <l:gentext key="lowercase.alpha" text="abcdefghijklmnopqrstuvwxyz"/>
   <l:gentext key="uppercase.alpha" text="ABCDEFGHIJKLMNOPQRSTUVWXYZ"/>
   <l:dingbat key="startquote" text="&#8220;"/>
   <l:dingbat key="endquote" text="&#8221;"/>
   <l:dingbat key="nestedstartquote" text="&#8216;"/>
   <l:dingbat key="nestedendquote" text="&#8217;"/>
   <l:dingbat key="bullet" text="&#8226;"/>

   <l:context name="styles">
      <l:template name="person-name" text="first-last"/>
   </l:context>

   <l:context name="title">
      <l:template name="abstract" text="%t"/>
      <l:template name="answer" text="%t"/>
      <l:template name="appendix" text="Anexa %n. %t"/>
      <l:template name="article" text="%t"/>
      <l:template name="authorblurb" text="%t"/>
      <l:template name="bibliodiv" text="%t"/>
      <l:template name="biblioentry" text="%t"/>
      <l:template name="bibliography" text="%t"/>
      <l:template name="bibliomixed" text="%t"/>
      <l:template name="bibliomset" text="%t"/>
      <l:template name="biblioset" text="%t"/>
      <l:template name="blockquote" text="%t"/>
      <l:template name="book" text="%t"/>
      <l:template name="calloutlist" text="%t"/>
      <l:template name="caution" text="%t"/>
      <l:template name="chapter" text="Cap. %n. %t"/>
      <l:template name="colophon" text="%t"/>
      <l:template name="dedication" text="%t"/>
      <l:template name="equation" text="ecua&#254;ia %n. %t"/>
      <l:template name="example" text="Exemplu %n. %t"/>
      <l:template name="figure" text="Fig. %n. %t"/>
      <l:template name="formalpara" text="%t"/>
      <l:template name="glossary" text="%t"/>
      <l:template name="glossdiv" text="%t"/>
      <l:template name="important" text="%t"/>
      <l:template name="index" text="%t"/>
      <l:template name="indexdiv" text="%t"/>
      <l:template name="itemizedlist" text="%t"/>
      <l:template name="legalnotice" text="%t"/>
      <l:template name="listitem" text=""/>
      <l:template name="lot" text="%t"/>
      <l:template name="msg" text="%t"/>
      <l:template name="msgexplan" text="%t"/>
      <l:template name="msgmain" text="%t"/>
      <l:template name="msgrel" text="%t"/>
      <l:template name="msgset" text="%t"/>
      <l:template name="msgsub" text="%t"/>
      <l:template name="note" text="%t"/>
      <l:template name="orderedlist" text="%t"/>
      <l:template name="part" text="Parte %n. %t"/>
      <l:template name="partintro" text="%t"/>
      <l:template name="preface" text="%t"/>
      <l:template name="procedure" text="%t"/>
      <l:template name="procedure.formal" text="Procedur&#227;&#160;%n.&#160;%t"/>
      <l:template name="productionset" text="%t"/>
      <l:template name="productionset.formal" text="Production&#160;%n"/>
      <l:template name="qandadiv" text="%t"/>
      <l:template name="qandaentry" text="%t"/>
      <l:template name="qandaset" text="%t"/>
      <l:template name="question" text="%t"/>
      <l:template name="refentry" text="%t"/>
      <l:template name="reference" text="%t"/>
      <l:template name="refsection" text="%t"/>
      <l:template name="refsect1" text="%t"/>
      <l:template name="refsect2" text="%t"/>
      <l:template name="refsect3" text="%t"/>
      <l:template name="refsynopsisdiv" text="%t"/>
      <l:template name="refsynopsisdivinfo" text="%t"/>
      <l:template name="segmentedlist" text="%t"/>
      <l:template name="set" text="%t"/>
      <l:template name="setindex" text="%t"/>
      <l:template name="sidebar" text="%t"/>
      <l:template name="step" text="%t"/>
      <l:template name="table" text="Tabel %n. %t"/>
      <l:template name="tip" text="%t"/>
      <l:template name="toc" text="%t"/>
      <l:template name="variablelist" text="%t"/>
      <l:template name="warning" text="%t"/>
   </l:context>

   <l:context name="title-unnumbered">
      <l:template name="appendix" text="%t"/>
      <l:template name="bridgehead" text="%t"/>
      <l:template name="chapter" text="%t"/>
      <l:template name="sect1" text="%t"/>
      <l:template name="sect2" text="%t"/>
      <l:template name="sect3" text="%t"/>
      <l:template name="sect4" text="%t"/>
      <l:template name="sect5" text="%t"/>
      <l:template name="section" text="%t"/>
      <l:template name="simplesect" text="%t"/>
   </l:context>

   <l:context name="title-numbered">
      <l:template name="appendix" text="Anexa %n. %t"/>
      <l:template name="bridgehead" text="%t"/>
      <l:template name="chapter" text="Cap. %n. %t"/>
      <l:template name="sect1" text="%n. %t"/>
      <l:template name="sect2" text="%n. %t"/>
      <l:template name="sect3" text="%n. %t"/>
      <l:template name="sect4" text="%n. %t"/>
      <l:template name="sect5" text="%n. %t"/>
      <l:template name="section" text="%n. %t"/>
      <l:template name="simplesect" text="%n. %t"/>
   </l:context>

   <l:context name="subtitle">
      <l:template name="appendix" text="%s"/>
      <l:template name="article" text="%s"/>
      <l:template name="bibliodiv" text="%s"/>
      <l:template name="biblioentry" text="%s"/>
      <l:template name="bibliography" text="%s"/>
      <l:template name="bibliomixed" text="%s"/>
      <l:template name="bibliomset" text="%s"/>
      <l:template name="biblioset" text="%s"/>
      <l:template name="book" text="%s"/>
      <l:template name="chapter" text="%s"/>
      <l:template name="colophon" text="%s"/>
      <l:template name="dedication" text="%s"/>
      <l:template name="glossary" text="%s"/>
      <l:template name="glossdiv" text="%s"/>
      <l:template name="index" text="%s"/>
      <l:template name="indexdiv" text="%s"/>
      <l:template name="lot" text="%s"/>
      <l:template name="part" text="%s"/>
      <l:template name="partintro" text="%s"/>
      <l:template name="preface" text="%s"/>
      <l:template name="refentry" text="%s"/>
      <l:template name="reference" text="%s"/>
      <l:template name="refsection" text="%s"/>
      <l:template name="refsect1" text="%s"/>
      <l:template name="refsect2" text="%s"/>
      <l:template name="refsect3" text="%s"/>
      <l:template name="refsynopsisdiv" text="%s"/>
      <l:template name="sect1" text="%s"/>
      <l:template name="sect2" text="%s"/>
      <l:template name="sect3" text="%s"/>
      <l:template name="sect4" text="%s"/>
      <l:template name="sect5" text="%s"/>
      <l:template name="section" text="%s"/>
      <l:template name="set" text="%s"/>
      <l:template name="setindex" text="%s"/>
      <l:template name="sidebar" text="%s"/>
      <l:template name="simplesect" text="%s"/>
      <l:template name="toc" text="%s"/>
   </l:context>

   <l:context name="xref">
      <l:template name="abstract" text="%t"/>
      <l:template name="answer" text="A:&#160;%n"/>
      <l:template name="appendix" text="Anexa %n. %t"/>
      <l:template name="article" text="%t"/>
      <l:template name="authorblurb" text="%t"/>
      <l:template name="bibliodiv" text="%t"/>
      <l:template name="bibliography" text="%t"/>
      <l:template name="bibliomset" text="%t"/>
      <l:template name="biblioset" text="%t"/>
      <l:template name="blockquote" text="%t"/>
      <l:template name="book" text="%t"/>
      <l:template name="calloutlist" text="%t"/>
      <l:template name="caution" text="%t"/>
      <l:template name="chapter" text="Cap. %n. %t"/>
      <l:template name="colophon" text="%t"/>
      <l:template name="constraintdef" text="%t"/>
      <l:template name="dedication" text="%t"/>
      <l:template name="equation" text="ecua&#254;ia&#160;%n"/>
      <l:template name="example" text="Exemplu %n. %t"/>
      <l:template name="figure" text="Fig. %n. %t"/>
      <l:template name="formalpara" text="%t"/>
      <l:template name="glossary" text="%t"/>
      <l:template name="glossdiv" text="%t"/>
      <l:template name="important" text="%t"/>
      <l:template name="index" text="%t"/>
      <l:template name="indexdiv" text="%t"/>
      <l:template name="itemizedlist" text="%t"/>
      <l:template name="legalnotice" text="%t"/>
      <l:template name="listitem" text="%n"/>
      <l:template name="lot" text="%t"/>
      <l:template name="msg" text="%t"/>
      <l:template name="msgexplan" text="%t"/>
      <l:template name="msgmain" text="%t"/>
      <l:template name="msgrel" text="%t"/>
      <l:template name="msgset" text="%t"/>
      <l:template name="msgsub" text="%t"/>
      <l:template name="note" text="%t"/>
      <l:template name="orderedlist" text="%t"/>
      <l:template name="part" text="Parte %n. %t"/>
      <l:template name="partintro" text="%t"/>
      <l:template name="preface" text="%t"/>
      <l:template name="procedure" text="Procedur&#227;&#160;%n"/>
      <l:template name="productionset" text="%t"/>
      <l:template name="qandadiv" text="%t"/>
      <l:template name="qandaentry" text="Q:&#160;%n"/>
      <l:template name="qandaset" text="%t"/>
      <l:template name="question" text="Q:&#160;%n"/>
      <l:template name="reference" text="%t"/>
      <l:template name="refsection" text="%t"/>
      <l:template name="refsect1" text="%t"/>
      <l:template name="refsect2" text="%t"/>
      <l:template name="refsect3" text="%t"/>
      <l:template name="refsynopsisdiv" text="%t"/>
      <l:template name="segmentedlist" text="%t"/>
      <l:template name="set" text="%t"/>
      <l:template name="setindex" text="%t"/>
      <l:template name="sidebar" text="%t"/>
      <l:template name="table" text="Tabel %n. %t"/>
      <l:template name="tip" text="%t"/>
      <l:template name="toc" text="%t"/>
      <l:template name="variablelist" text="%t"/>
      <l:template name="varlistentry" text="%n"/>
      <l:template name="warning" text="%t"/>
      <l:template name="page.citation" text=" [%p]"/>
   </l:context>

   <l:context name="section-xref">
      <l:template name="bridgehead" text="&#8220;%t&#8221;"/>
      <l:template name="refsection" text="&#8220;%t&#8221;"/>
      <l:template name="refsect1" text="&#8220;%t&#8221;"/>
      <l:template name="refsect2" text="&#8220;%t&#8221;"/>
      <l:template name="refsect3" text="&#8220;%t&#8221;"/>
      <l:template name="sect1" text="&#8220;%t&#8221;"/>
      <l:template name="sect2" text="&#8220;%t&#8221;"/>
      <l:template name="sect3" text="&#8220;%t&#8221;"/>
      <l:template name="sect4" text="&#8220;%t&#8221;"/>
      <l:template name="sect5" text="&#8220;%t&#8221;"/>
      <l:template name="section" text="&#8220;%t&#8221;"/>
      <l:template name="simplesect" text="&#8220;%t&#8221;"/>
   </l:context>

   <l:context name="section-xref-numbered">
      <l:template name="bridgehead" text="&#8220;%t&#8221;"/>
      <l:template name="refsection" text="&#8220;%t&#8221;"/>
      <l:template name="refsect1" text="&#8220;%t&#8221;"/>
      <l:template name="refsect2" text="&#8220;%t&#8221;"/>
      <l:template name="refsect3" text="&#8220;%t&#8221;"/>
      <l:template name="sect1" text="Sec&#254;iune %n"/>
      <l:template name="sect2" text="Sec&#254;iune %n"/>
      <l:template name="sect3" text="Sec&#254;iune %n"/>
      <l:template name="sect4" text="Sec&#254;iune %n"/>
      <l:template name="sect5" text="Sec&#254;iune %n"/>
      <l:template name="section" text="Sec&#254;iune %n"/>
      <l:template name="simplesect" text="&#8220;%t&#8221;"/>
   </l:context>

   <l:context name="authorgroup">
      <l:template name="sep" text=", "/>
      <l:template name="sep2" text=" &#351;i "/>
      <l:template name="seplast" text=", &#351;i "/>
   </l:context>

   <l:context name="glossary">
      <l:template name="see" text="Vezi "/>
      <l:template name="seealso" text="Vezi &#351;i "/>
   </l:context>

   <l:context name="msgset">
      <l:template name="MsgAud" text=": "/>
      <l:template name="MsgLevel" text="Nivel: "/>
      <l:template name="MsgOrig" text="Origine: "/>
   </l:context>
</l:l10n>
