<?xml version="1.0" encoding="US-ASCII"?>
<l:l10n xmlns:l="http://docbook.sourceforge.net/xmlns/l10n/1.0" language="sv" english-language-name="Swedish">

<!-- This file is generated automatically. -->
<!-- Do not edit this file by hand! -->
<!-- See http://docbook.sourceforge.net/ -->
<!-- To update this file: edit the corresponding document at -->
<!-- http://cvs.sourceforge.net/cgi-bin/viewcvs.cgi/docbook/gentext/locale/ -->

   <l:gentext key="Abstract" text="Sammanfattning"/>
   <l:gentext key="abstract" text="Sammanfattning"/>
   <l:gentext key="Answer" text="A:"/>
   <l:gentext key="answer" text="A:"/>
   <l:gentext key="Appendix" text="Appendix"/>
   <l:gentext key="appendix" text="appendix"/>
   <l:gentext key="Article" text="Artikel"/>
   <l:gentext key="article" text="Artikel"/>
   <l:gentext key="Bibliography" text="Bibliografi"/>
   <l:gentext key="bibliography" text="Bibliografi"/>
   <l:gentext key="Book" text="Bok"/>
   <l:gentext key="book" text="Bok"/>
   <l:gentext key="CAUTION" text="OBSERVERA"/>
   <l:gentext key="Caution" text="Observera"/>
   <l:gentext key="caution" text="Observera"/>
   <l:gentext key="Chapter" text="Kapitel"/>
   <l:gentext key="chapter" text="kapitel"/>
   <l:gentext key="Colophon" text="Colophon"/>
   <l:gentext key="colophon" text="Colophon"/>
   <l:gentext key="Copyright" text="Copyright"/>
   <l:gentext key="copyright" text="Copyright"/>
   <l:gentext key="Dedication" text="Dedikation"/>
   <l:gentext key="dedication" text="Dedikation"/>
   <l:gentext key="Edition" text="Utg&#229;va"/>
   <l:gentext key="edition" text="Utg&#229;va"/>
   <l:gentext key="Equation" text="Ekvation"/>
   <l:gentext key="equation" text="Ekvation"/>
   <l:gentext key="Example" text="Exempel"/>
   <l:gentext key="example" text="Exempel"/>
   <l:gentext key="Figure" text="Figur"/>
   <l:gentext key="figure" text="Figur"/>
   <l:gentext key="Glossary" text="Gloslista"/>
   <l:gentext key="glossary" text="Gloslista"/>
   <l:gentext key="GlossSee" text="Se"/>
   <l:gentext key="glosssee" text="Se"/>
   <l:gentext key="GlossSeeAlso" text="Se &#196;ven"/>
   <l:gentext key="glossseealso" text="Se &#196;ven"/>
   <l:gentext key="IMPORTANT" text="VIKTIGT"/>
   <l:gentext key="Important" text="Viktigt"/>
   <l:gentext key="important" text="Viktigt"/>
   <l:gentext key="Index" text="Index"/>
   <l:gentext key="index" text="Index"/>
   <l:gentext key="ISBN" text="ISBN"/>
   <l:gentext key="isbn" text="ISBN"/>
   <l:gentext key="LegalNotice" text="Legal Notice"/>
   <l:gentext key="legalnotice" text="Legal Notice"/>
   <l:gentext key="MsgAud" text="M&#229;lgrupp"/>
   <l:gentext key="msgaud" text="M&#229;lgrupp"/>
   <l:gentext key="MsgLevel" text="Niv&#229;"/>
   <l:gentext key="msglevel" text="Niv&#229;"/>
   <l:gentext key="MsgOrig" text="Ursprung"/>
   <l:gentext key="msgorig" text="Ursprung"/>
   <l:gentext key="NOTE" text="NOT"/>
   <l:gentext key="Note" text="Not"/>
   <l:gentext key="note" text="Not"/>
   <l:gentext key="Part" text="Del"/>
   <l:gentext key="part" text="Del"/>
   <l:gentext key="Preface" text="F&#246;retal"/>
   <l:gentext key="preface" text="F&#246;retal"/>
   <l:gentext key="Procedure" text="Procedur"/>
   <l:gentext key="procedure" text="Procedur"/>
   <l:gentext key="ProductionSet" text="Production"/>
   <l:gentext key="Published" text="Publicerad"/>
   <l:gentext key="published" text="Publicerad"/>
   <l:gentext key="Question" text="Fr&#229;ga:"/>
   <l:gentext key="question" text="Fr&#229;ga:"/>
   <l:gentext key="RefEntry" text=""/>
   <l:gentext key="refentry" text=""/>
   <l:gentext key="Reference" text="Referens"/>
   <l:gentext key="reference" text="Referens"/>
   <l:gentext key="RefName" text="Namn"/>
   <l:gentext key="refname" text="Namn"/>
   <l:gentext key="RefSection" text=""/>
   <l:gentext key="refsection" text=""/>
   <l:gentext key="RefSynopsisDiv" text="Synopsis"/>
   <l:gentext key="refsynopsisdiv" text="Synopsis"/>
   <l:gentext key="RevHistory" text="Revisions Historik;"/>
   <l:gentext key="revhistory" text="Revisions Historik;"/>
   <l:gentext key="Revision" text="Revision"/>
   <l:gentext key="revision" text="Revision"/>
   <l:gentext key="sect1" text="Section"/>
   <l:gentext key="sect2" text="Section"/>
   <l:gentext key="sect3" text="Section"/>
   <l:gentext key="sect4" text="Section"/>
   <l:gentext key="sect5" text="Section"/>
   <l:gentext key="Section" text="Avsnitt"/>
   <l:gentext key="section" text="avsnitt"/>
   <l:gentext key="See" text="Se"/>
   <l:gentext key="see" text="Se"/>
   <l:gentext key="SeeAlso" text="Se &#196;ven"/>
   <l:gentext key="seealso" text="Se &#196;ven"/>
   <l:gentext key="Seealso" text="Se &#228;ven"/>
   <l:gentext key="Set" text="Set"/>
   <l:gentext key="set" text="Set"/>
   <l:gentext key="SetIndex" text="Set Index"/>
   <l:gentext key="setindex" text="Set Index"/>
   <l:gentext key="Sidebar" text="Sidebar"/>
   <l:gentext key="sidebar" text="sidebar"/>
   <l:gentext key="Step" text="Steg"/>
   <l:gentext key="step" text="steg"/>
   <l:gentext key="Table" text="Tabell"/>
   <l:gentext key="table" text="Tabell"/>
   <l:gentext key="TIP" text="TIPS"/>
   <l:gentext key="Tip" text="Tips"/>
   <l:gentext key="tip" text="Tips"/>
   <l:gentext key="WARNING" text="VARNING"/>
   <l:gentext key="Warning" text="Varning"/>
   <l:gentext key="warning" text="Varning"/>
   <l:gentext key="and" text="och"/>
   <l:gentext key="by" text="av"/>
   <l:gentext key="called" text="kallas"/>
   <l:gentext key="edited" text="Redigerad"/>
   <l:gentext key="Edited" text="Redigerad"/>
   <l:gentext key="Editedby" text="Redigerad av"/>
   <l:gentext key="editedby" text="Redigerad av"/>
   <l:gentext key="in" text="i"/>
   <l:gentext key="lastlistcomma" text=","/>
   <l:gentext key="listcomma" text=","/>
   <l:gentext key="nonexistantelement" text="non-existant element"/>
   <l:gentext key="Notes" text="Noter"/>
   <l:gentext key="notes" text="Noter"/>
   <l:gentext key="Pgs" text="Sid."/>
   <l:gentext key="pgs" text="Sid."/>
   <l:gentext key="Revisedby" text="Reviderad av: "/>
   <l:gentext key="revisedby" text="Reviderad av: "/>
   <l:gentext key="TableNotes" text="Noter"/>
   <l:gentext key="tablenotes" text="Noter"/>
   <l:gentext key="TableofContents" text="Inneh&#229;llsf&#246;rteckning"/>
   <l:gentext key="tableofcontents" text="Inneh&#229;llsf&#246;rteckning"/>
   <l:gentext key="the" text=""/>
   <l:gentext key="unexpectedelementname" text="Unexpected element name"/>
   <l:gentext key="unsupported" text="unsupported"/>
   <l:gentext key="xrefto" text="xref till"/>
   <l:gentext key="listofequations" text="Ekvationsf&#246;rteckning"/>
   <l:gentext key="ListofEquations" text="Ekvationsf&#246;rteckning"/>
   <l:gentext key="ListofExamples" text="Exempelf&#246;rteckning"/>
   <l:gentext key="listofexamples" text="Exempelf&#246;rteckning"/>
   <l:gentext key="ListofFigures" text="Figurf&#246;rteckning"/>
   <l:gentext key="listoffigures" text="Figurf&#246;rteckning"/>
   <l:gentext key="listoftables" text="Tabellf&#246;rteckning"/>
   <l:gentext key="ListofTables" text="Tabellf&#246;rteckning"/>
   <l:gentext key="ListofUnknown" text="F&#246;rteckning av ok&#228;nda"/>
   <l:gentext key="listofunknown" text="F&#246;rteckning av ok&#228;nda"/>
   <l:gentext key="nav-home" text="Hem"/>
   <l:gentext key="nav-next" text="N&#228;sta"/>
   <l:gentext key="nav-next-sibling" text="Snabbt bak&#229;t"/>
   <l:gentext key="nav-prev" text="F&#246;reg&#229;ende"/>
   <l:gentext key="nav-prev-sibling" text="Snabbt fram&#229;t"/>
   <l:gentext key="nav-up" text="Upp"/>
   <l:gentext key="sectioncalled" text="the section called"/>
   <l:gentext key="Draft" text="Draft"/>
   <l:gentext key="above" text="above"/>
   <l:gentext key="below" text="below"/>
   <l:gentext key="index symbols" text="Symbols"/>
   <l:gentext key="lowercase.alpha" text="abcdefghijklmnopqrstuvwxyz"/>
   <l:gentext key="uppercase.alpha" text="ABCDEFGHIJKLMNOPQRSTUVWXYZ"/>
   <l:dingbat key="startquote" text="&#8220;"/>
   <l:dingbat key="endquote" text="&#8221;"/>
   <l:dingbat key="nestedstartquote" text="&#8216;"/>
   <l:dingbat key="nestedendquote" text="&#8217;"/>
   <l:dingbat key="bullet" text="&#8226;"/>

   <l:context name="styles">
      <l:template name="person-name" text="first-last"/>
   </l:context>

   <l:context name="title">
      <l:template name="abstract" text="%t"/>
      <l:template name="answer" text="%t"/>
      <l:template name="appendix" text="Appendix %n. %t"/>
      <l:template name="article" text="%t"/>
      <l:template name="authorblurb" text="%t"/>
      <l:template name="bibliodiv" text="%t"/>
      <l:template name="biblioentry" text="%t"/>
      <l:template name="bibliography" text="%t"/>
      <l:template name="bibliomixed" text="%t"/>
      <l:template name="bibliomset" text="%t"/>
      <l:template name="biblioset" text="%t"/>
      <l:template name="blockquote" text="%t"/>
      <l:template name="book" text="%t"/>
      <l:template name="calloutlist" text="%t"/>
      <l:template name="caution" text="%t"/>
      <l:template name="chapter" text="Kapitel %n. %t"/>
      <l:template name="colophon" text="%t"/>
      <l:template name="dedication" text="%t"/>
      <l:template name="equation" text="Ekvation %n. %t"/>
      <l:template name="example" text="Exempel %n. %t"/>
      <l:template name="figure" text="Figur %n. %t"/>
      <l:template name="formalpara" text="%t"/>
      <l:template name="glossary" text="%t"/>
      <l:template name="glossdiv" text="%t"/>
      <l:template name="important" text="%t"/>
      <l:template name="index" text="%t"/>
      <l:template name="indexdiv" text="%t"/>
      <l:template name="itemizedlist" text="%t"/>
      <l:template name="legalnotice" text="%t"/>
      <l:template name="listitem" text=""/>
      <l:template name="lot" text="%t"/>
      <l:template name="msg" text="%t"/>
      <l:template name="msgexplan" text="%t"/>
      <l:template name="msgmain" text="%t"/>
      <l:template name="msgrel" text="%t"/>
      <l:template name="msgset" text="%t"/>
      <l:template name="msgsub" text="%t"/>
      <l:template name="note" text="%t"/>
      <l:template name="orderedlist" text="%t"/>
      <l:template name="part" text="Del %n. %t"/>
      <l:template name="partintro" text="%t"/>
      <l:template name="preface" text="%t"/>
      <l:template name="procedure" text="%t"/>
      <l:template name="procedure.formal" text="Procedur&#160;%n.&#160;%t"/>
      <l:template name="productionset" text="%t"/>
      <l:template name="productionset.formal" text="Production&#160;%n"/>
      <l:template name="qandadiv" text="%t"/>
      <l:template name="qandaentry" text="%t"/>
      <l:template name="qandaset" text="%t"/>
      <l:template name="question" text="%t"/>
      <l:template name="refentry" text="%t"/>
      <l:template name="reference" text="%t"/>
      <l:template name="refsect1" text="%t"/>
      <l:template name="refsect2" text="%t"/>
      <l:template name="refsect3" text="%t"/>
      <l:template name="refsynopsisdiv" text="%t"/>
      <l:template name="refsynopsisdivinfo" text="%t"/>
      <l:template name="segmentedlist" text="%t"/>
      <l:template name="set" text="%t"/>
      <l:template name="setindex" text="%t"/>
      <l:template name="sidebar" text="%t"/>
      <l:template name="step" text="%t"/>
      <l:template name="table" text="Tabell %n. %t"/>
      <l:template name="tip" text="%t"/>
      <l:template name="toc" text="%t"/>
      <l:template name="variablelist" text="%t"/>
      <l:template name="warning" text="%t"/>
   </l:context>

   <l:context name="title-unnumbered">
      <l:template name="appendix" text="%t"/>
      <l:template name="bridgehead" text="%t"/>
      <l:template name="chapter" text="%t"/>
      <l:template name="sect1" text="%t"/>
      <l:template name="sect2" text="%t"/>
      <l:template name="sect3" text="%t"/>
      <l:template name="sect4" text="%t"/>
      <l:template name="sect5" text="%t"/>
      <l:template name="section" text="%t"/>
      <l:template name="simplesect" text="%t"/>
   </l:context>

   <l:context name="title-numbered">
      <l:template name="appendix" text="Appendix %n. %t"/>
      <l:template name="bridgehead" text="%t"/>
      <l:template name="chapter" text="Kapitel %n. %t"/>
      <l:template name="sect1" text="%n. %t"/>
      <l:template name="sect2" text="%n. %t"/>
      <l:template name="sect3" text="%n. %t"/>
      <l:template name="sect4" text="%n. %t"/>
      <l:template name="sect5" text="%n. %t"/>
      <l:template name="section" text="%n. %t"/>
      <l:template name="simplesect" text="%n. %t"/>
   </l:context>

   <l:context name="subtitle">
      <l:template name="appendix" text="%s"/>
      <l:template name="article" text="%s"/>
      <l:template name="bibliodiv" text="%s"/>
      <l:template name="biblioentry" text="%s"/>
      <l:template name="bibliography" text="%s"/>
      <l:template name="bibliomixed" text="%s"/>
      <l:template name="bibliomset" text="%s"/>
      <l:template name="biblioset" text="%s"/>
      <l:template name="book" text="%s"/>
      <l:template name="chapter" text="%s"/>
      <l:template name="colophon" text="%s"/>
      <l:template name="dedication" text="%s"/>
      <l:template name="glossary" text="%s"/>
      <l:template name="glossdiv" text="%s"/>
      <l:template name="index" text="%s"/>
      <l:template name="indexdiv" text="%s"/>
      <l:template name="lot" text="%s"/>
      <l:template name="part" text="%s"/>
      <l:template name="partintro" text="%s"/>
      <l:template name="preface" text="%s"/>
      <l:template name="refentry" text="%s"/>
      <l:template name="reference" text="%s"/>
      <l:template name="refsect1" text="%s"/>
      <l:template name="refsect2" text="%s"/>
      <l:template name="refsect3" text="%s"/>
      <l:template name="refsynopsisdiv" text="%s"/>
      <l:template name="sect1" text="%s"/>
      <l:template name="sect2" text="%s"/>
      <l:template name="sect3" text="%s"/>
      <l:template name="sect4" text="%s"/>
      <l:template name="sect5" text="%s"/>
      <l:template name="section" text="%s"/>
      <l:template name="set" text="%s"/>
      <l:template name="setindex" text="%s"/>
      <l:template name="sidebar" text="%s"/>
      <l:template name="simplesect" text="%s"/>
      <l:template name="toc" text="%s"/>
   </l:context>

   <l:context name="xref">
      <l:template name="abstract" text="%t"/>
      <l:template name="answer" text="A:&#160;%n"/>
      <l:template name="appendix" text="Appendix %n. %t"/>
      <l:template name="article" text="%t"/>
      <l:template name="authorblurb" text="%t"/>
      <l:template name="bibliodiv" text="%t"/>
      <l:template name="bibliography" text="%t"/>
      <l:template name="bibliomset" text="%t"/>
      <l:template name="biblioset" text="%t"/>
      <l:template name="blockquote" text="%t"/>
      <l:template name="book" text="%t"/>
      <l:template name="calloutlist" text="%t"/>
      <l:template name="caution" text="%t"/>
      <l:template name="chapter" text="Kapitel %n. %t"/>
      <l:template name="colophon" text="%t"/>
      <l:template name="constraintdef" text="%t"/>
      <l:template name="dedication" text="%t"/>
      <l:template name="equation" text="Ekvation&#160;%n"/>
      <l:template name="example" text="Exempel %n. %t"/>
      <l:template name="figure" text="Figur %n. %t"/>
      <l:template name="formalpara" text="%t"/>
      <l:template name="glossary" text="%t"/>
      <l:template name="glossdiv" text="%t"/>
      <l:template name="important" text="%t"/>
      <l:template name="index" text="%t"/>
      <l:template name="indexdiv" text="%t"/>
      <l:template name="itemizedlist" text="%t"/>
      <l:template name="legalnotice" text="%t"/>
      <l:template name="listitem" text="%n"/>
      <l:template name="lot" text="%t"/>
      <l:template name="msg" text="%t"/>
      <l:template name="msgexplan" text="%t"/>
      <l:template name="msgmain" text="%t"/>
      <l:template name="msgrel" text="%t"/>
      <l:template name="msgset" text="%t"/>
      <l:template name="msgsub" text="%t"/>
      <l:template name="note" text="%t"/>
      <l:template name="orderedlist" text="%t"/>
      <l:template name="part" text="Del %n. %t"/>
      <l:template name="partintro" text="%t"/>
      <l:template name="preface" text="%t"/>
      <l:template name="procedure" text="Procedur&#160;%n"/>
      <l:template name="productionset" text="%t"/>
      <l:template name="qandadiv" text="%t"/>
      <l:template name="qandaentry" text="Fr&#229;ga:&#160;%n"/>
      <l:template name="qandaset" text="%t"/>
      <l:template name="question" text="Fr&#229;ga:&#160;%n"/>
      <l:template name="reference" text="%t"/>
      <l:template name="refsect1" text="%t"/>
      <l:template name="refsect2" text="%t"/>
      <l:template name="refsect3" text="%t"/>
      <l:template name="refsynopsisdiv" text="%t"/>
      <l:template name="segmentedlist" text="%t"/>
      <l:template name="set" text="%t"/>
      <l:template name="setindex" text="%t"/>
      <l:template name="sidebar" text="%t"/>
      <l:template name="table" text="Tabell %n. %t"/>
      <l:template name="tip" text="%t"/>
      <l:template name="toc" text="%t"/>
      <l:template name="variablelist" text="%t"/>
      <l:template name="varlistentry" text="%n"/>
      <l:template name="warning" text="%t"/>
      <l:template name="page.citation" text=" [%p]"/>
   </l:context>

   <l:context name="section-xref">
      <l:template name="bridgehead" text="&#8220;%t&#8221;"/>
      <l:template name="refsect1" text="&#8220;%t&#8221;"/>
      <l:template name="refsect2" text="&#8220;%t&#8221;"/>
      <l:template name="refsect3" text="&#8220;%t&#8221;"/>
      <l:template name="sect1" text="&#8220;%t&#8221;"/>
      <l:template name="sect2" text="&#8220;%t&#8221;"/>
      <l:template name="sect3" text="&#8220;%t&#8221;"/>
      <l:template name="sect4" text="&#8220;%t&#8221;"/>
      <l:template name="sect5" text="&#8220;%t&#8221;"/>
      <l:template name="section" text="&#8220;%t&#8221;"/>
      <l:template name="simplesect" text="&#8220;%t&#8221;"/>
   </l:context>

   <l:context name="section-xref-numbered">
      <l:template name="bridgehead" text="&#8220;%t&#8221;"/>
      <l:template name="refsect1" text="&#8220;%t&#8221;"/>
      <l:template name="refsect2" text="&#8220;%t&#8221;"/>
      <l:template name="refsect3" text="&#8220;%t&#8221;"/>
      <l:template name="sect1" text="Avsnitt %n"/>
      <l:template name="sect2" text="Avsnitt %n"/>
      <l:template name="sect3" text="Avsnitt %n"/>
      <l:template name="sect4" text="Avsnitt %n"/>
      <l:template name="sect5" text="Avsnitt %n"/>
      <l:template name="section" text="Avsnitt %n"/>
      <l:template name="simplesect" text="&#8220;%t&#8221;"/>
   </l:context>

   <l:context name="authorgroup">
      <l:template name="sep" text=", "/>
      <l:template name="sep2" text=" och "/>
      <l:template name="seplast" text=", och "/>
   </l:context>

   <l:context name="glossary">
      <l:template name="see" text="Se "/>
      <l:template name="seealso" text="Se &#196;ven "/>
   </l:context>

   <l:context name="msgset">
      <l:template name="MsgAud" text="M&#229;lgrupp: "/>
      <l:template name="MsgLevel" text="Niv&#229;: "/>
      <l:template name="MsgOrig" text="Ursprung: "/>
   </l:context>
</l:l10n>
