<?xml version="1.0" encoding="US-ASCII"?>
<l:l10n xmlns:l="http://docbook.sourceforge.net/xmlns/l10n/1.0" language="th" english-language-name="Thai">

<!-- This file is generated automatically. -->
<!-- Do not edit this file by hand! -->
<!-- See http://docbook.sourceforge.net/ -->
<!-- To update this file: edit the corresponding document at -->
<!-- http://cvs.sourceforge.net/cgi-bin/viewcvs.cgi/docbook/gentext/locale/ -->

   <l:gentext key="Abstract" text="&#3610;&#3607;&#3588;&#3633;&#3604;&#3618;&#3656;&#3629;"/>
   <l:gentext key="abstract" text="&#3610;&#3607;&#3588;&#3633;&#3604;&#3618;&#3656;&#3629;"/>
   <l:gentext key="Answer" text="&#3605;&#3629;&#3610;:"/>
   <l:gentext key="answer" text="&#3605;&#3629;&#3610;:"/>
   <l:gentext key="Appendix" text="&#3616;&#3634;&#3588;&#3612;&#3609;&#3623;&#3585;"/>
   <l:gentext key="appendix" text="&#3616;&#3634;&#3588;&#3612;&#3609;&#3623;&#3585;"/>
   <l:gentext key="Article" text="&#3610;&#3607;&#3588;&#3623;&#3634;&#3617;"/>
   <l:gentext key="article" text="&#3610;&#3607;&#3588;&#3623;&#3634;&#3617;"/>
   <l:gentext key="Bibliography" text="&#3610;&#3619;&#3619;&#3603;&#3634;&#3609;&#3640;&#3585;&#3619;&#3617;"/>
   <l:gentext key="bibliography" text="&#3610;&#3619;&#3619;&#3603;&#3634;&#3609;&#3640;&#3585;&#3619;&#3617;"/>
   <l:gentext key="Book" text="&#3627;&#3609;&#3633;&#3591;&#3626;&#3639;&#3629;"/>
   <l:gentext key="book" text="&#3627;&#3609;&#3633;&#3591;&#3626;&#3639;&#3629;"/>
   <l:gentext key="CAUTION" text="&#3588;&#3635;&#3648;&#3605;&#3639;&#3629;&#3609;"/>
   <l:gentext key="Caution" text="&#3588;&#3635;&#3648;&#3605;&#3639;&#3629;&#3609;"/>
   <l:gentext key="caution" text="&#3588;&#3635;&#3648;&#3605;&#3639;&#3629;&#3609;"/>
   <l:gentext key="Chapter" text="&#3610;&#3607;&#3607;&#3637;&#3656;"/>
   <l:gentext key="chapter" text="&#3610;&#3607;&#3607;&#3637;&#3656;"/>
   <l:gentext key="Colophon" text="&#3648;&#3610;&#3639;&#3657;&#3629;&#3591;&#3627;&#3621;&#3633;&#3591;"/>
   <l:gentext key="colophon" text="&#3648;&#3610;&#3639;&#3657;&#3629;&#3591;&#3627;&#3621;&#3633;&#3591;"/>
   <l:gentext key="Copyright" text="&#3626;&#3591;&#3623;&#3609;&#3626;&#3636;&#3586;&#3626;&#3636;&#3607;&#3608;&#3636;&#3660;"/>
   <l:gentext key="copyright" text="&#3626;&#3591;&#3623;&#3609;&#3626;&#3636;&#3586;&#3626;&#3636;&#3607;&#3608;&#3636;&#3660;"/>
   <l:gentext key="Dedication" text="&#3588;&#3635;&#3629;&#3640;&#3607;&#3636;&#3624;"/>
   <l:gentext key="dedication" text="&#3588;&#3635;&#3629;&#3640;&#3607;&#3636;&#3624;"/>
   <l:gentext key="Edition" text="&#3593;&#3610;&#3633;&#3610;"/>
   <l:gentext key="edition" text="&#3593;&#3610;&#3633;&#3610;"/>
   <l:gentext key="Equation" text="&#3626;&#3617;&#3585;&#3634;&#3619;"/>
   <l:gentext key="equation" text="&#3626;&#3617;&#3585;&#3634;&#3619;"/>
   <l:gentext key="Example" text="&#3605;&#3633;&#3623;&#3629;&#3618;&#3656;&#3634;&#3591;"/>
   <l:gentext key="example" text="&#3605;&#3633;&#3623;&#3629;&#3618;&#3656;&#3634;&#3591;"/>
   <l:gentext key="Figure" text="&#3619;&#3641;&#3611;"/>
   <l:gentext key="figure" text="&#3619;&#3641;&#3611;"/>
   <l:gentext key="Glossary" text="&#3629;&#3616;&#3636;&#3607;&#3634;&#3609;&#3624;&#3633;&#3614;&#3607;&#3660;"/>
   <l:gentext key="glossary" text="&#3629;&#3616;&#3636;&#3607;&#3634;&#3609;&#3624;&#3633;&#3614;&#3607;&#3660;"/>
   <l:gentext key="GlossSee" text="&#3604;&#3641;"/>
   <l:gentext key="glosssee" text="&#3604;&#3641;"/>
   <l:gentext key="GlossSeeAlso" text="&#3604;&#3641;&#3648;&#3614;&#3636;&#3656;&#3617;&#3648;&#3605;&#3636;&#3617;"/>
   <l:gentext key="glossseealso" text="&#3604;&#3641;&#3648;&#3614;&#3636;&#3656;&#3617;&#3648;&#3605;&#3636;&#3617;"/>
   <l:gentext key="IMPORTANT" text="&#3586;&#3657;&#3629;&#3588;&#3623;&#3619;&#3592;&#3635;"/>
   <l:gentext key="important" text="&#3586;&#3657;&#3629;&#3588;&#3623;&#3619;&#3592;&#3635;"/>
   <l:gentext key="Important" text="&#3586;&#3657;&#3629;&#3588;&#3623;&#3619;&#3592;&#3635;"/>
   <l:gentext key="Index" text="&#3604;&#3619;&#3619;&#3594;&#3609;&#3637;"/>
   <l:gentext key="index" text="&#3604;&#3619;&#3619;&#3594;&#3609;&#3637;"/>
   <l:gentext key="ISBN" text="ISBN"/>
   <l:gentext key="isbn" text="ISBN"/>
   <l:gentext key="LegalNotice" text="&#3586;&#3657;&#3629;&#3612;&#3641;&#3585;&#3614;&#3633;&#3609;&#3605;&#3634;&#3617;&#3585;&#3598;&#3627;&#3617;&#3634;&#3618;"/>
   <l:gentext key="legalnotice" text="&#3586;&#3657;&#3629;&#3612;&#3641;&#3585;&#3614;&#3633;&#3609;&#3605;&#3634;&#3617;&#3585;&#3598;&#3627;&#3617;&#3634;&#3618;"/>
   <l:gentext key="MsgAud" text="&#3612;&#3641;&#3657;&#3629;&#3656;&#3634;&#3609;"/>
   <l:gentext key="msgaud" text="&#3612;&#3641;&#3657;&#3629;&#3656;&#3634;&#3609;"/>
   <l:gentext key="MsgLevel" text="&#3619;&#3632;&#3604;&#3633;&#3610;"/>
   <l:gentext key="msglevel" text="&#3619;&#3632;&#3604;&#3633;&#3610;"/>
   <l:gentext key="MsgOrig" text="&#3607;&#3637;&#3656;&#3617;&#3634;"/>
   <l:gentext key="msgorig" text="&#3607;&#3637;&#3656;&#3617;&#3634;"/>
   <l:gentext key="NOTE" text="&#3627;&#3617;&#3634;&#3618;&#3648;&#3627;&#3605;&#3640;"/>
   <l:gentext key="Note" text="&#3627;&#3617;&#3634;&#3618;&#3648;&#3627;&#3605;&#3640;"/>
   <l:gentext key="note" text="&#3627;&#3617;&#3634;&#3618;&#3648;&#3627;&#3605;&#3640;"/>
   <l:gentext key="Part" text="&#3616;&#3634;&#3588;"/>
   <l:gentext key="part" text="&#3616;&#3634;&#3588;"/>
   <l:gentext key="Preface" text="&#3588;&#3635;&#3609;&#3635;"/>
   <l:gentext key="preface" text="&#3588;&#3635;&#3609;&#3635;"/>
   <l:gentext key="Procedure" text="&#3619;&#3632;&#3648;&#3610;&#3637;&#3618;&#3610;&#3585;&#3634;&#3619;"/>
   <l:gentext key="procedure" text="&#3619;&#3632;&#3648;&#3610;&#3637;&#3618;&#3610;&#3585;&#3634;&#3619;"/>
   <l:gentext key="ProductionSet" text="&#3612;&#3621;&#3636;&#3605;"/>
   <l:gentext key="Published" text="&#3605;&#3637;&#3614;&#3636;&#3617;&#3614;&#3660;"/>
   <l:gentext key="published" text="&#3605;&#3637;&#3614;&#3636;&#3617;&#3614;&#3660;"/>
   <l:gentext key="Question" text="&#3606;&#3634;&#3617;:"/>
   <l:gentext key="question" text="&#3606;&#3634;&#3617;:"/>
   <l:gentext key="RefEntry" text=""/>
   <l:gentext key="refentry" text=""/>
   <l:gentext key="Reference" text="&#3627;&#3609;&#3633;&#3591;&#3626;&#3639;&#3629;&#3629;&#3657;&#3634;&#3591;&#3629;&#3636;&#3591;"/>
   <l:gentext key="reference" text="&#3627;&#3609;&#3633;&#3591;&#3626;&#3639;&#3629;&#3629;&#3657;&#3634;&#3591;&#3629;&#3636;&#3591;"/>
   <l:gentext key="RefName" text="&#3594;&#3639;&#3656;&#3629;"/>
   <l:gentext key="refname" text="&#3594;&#3639;&#3656;&#3629;"/>
   <l:gentext key="RefSection" text=""/>
   <l:gentext key="refsection" text=""/>
   <l:gentext key="RefSynopsisDiv" text="&#3626;&#3634;&#3619;&#3632;&#3626;&#3635;&#3588;&#3633;&#3597;"/>
   <l:gentext key="refsynopsisdiv" text="&#3626;&#3634;&#3619;&#3632;&#3626;&#3635;&#3588;&#3633;&#3597;"/>
   <l:gentext key="RevHistory" text="&#3610;&#3633;&#3609;&#3607;&#3638;&#3585;&#3619;&#3640;&#3656;&#3609;"/>
   <l:gentext key="revhistory" text="&#3610;&#3633;&#3609;&#3607;&#3638;&#3585;&#3619;&#3640;&#3656;&#3609;"/>
   <l:gentext key="revision" text="&#3619;&#3640;&#3656;&#3609;&#3607;&#3637;&#3656;"/>
   <l:gentext key="Revision" text="&#3619;&#3640;&#3656;&#3609;&#3607;&#3637;&#3656;"/>
   <l:gentext key="sect1" text="&#3605;&#3629;&#3609;&#3607;&#3637;&#3656;"/>
   <l:gentext key="sect2" text="&#3605;&#3629;&#3609;&#3607;&#3637;&#3656;"/>
   <l:gentext key="sect3" text="&#3605;&#3629;&#3609;&#3607;&#3637;&#3656;"/>
   <l:gentext key="sect4" text="&#3605;&#3629;&#3609;&#3607;&#3637;&#3656;"/>
   <l:gentext key="sect5" text="&#3605;&#3629;&#3609;&#3607;&#3637;&#3656;"/>
   <l:gentext key="section" text="&#3605;&#3629;&#3609;&#3607;&#3637;&#3656;"/>
   <l:gentext key="Section" text="&#3605;&#3629;&#3609;&#3607;&#3637;&#3656;"/>
   <l:gentext key="See" text="&#3604;&#3641;"/>
   <l:gentext key="see" text="&#3604;&#3641;"/>
   <l:gentext key="SeeAlso" text="&#3604;&#3641;&#3648;&#3614;&#3636;&#3656;&#3617;&#3648;&#3605;&#3636;&#3617;"/>
   <l:gentext key="seealso" text="&#3604;&#3641;&#3648;&#3614;&#3636;&#3656;&#3617;&#3648;&#3605;&#3636;&#3617;"/>
   <l:gentext key="Seealso" text="&#3604;&#3641;&#3648;&#3614;&#3636;&#3656;&#3617;&#3648;&#3605;&#3636;&#3617;"/>
   <l:gentext key="set" text="&#3594;&#3640;&#3604;"/>
   <l:gentext key="Set" text="&#3594;&#3640;&#3604;"/>
   <l:gentext key="setindex" text="&#3626;&#3634;&#3619;&#3610;&#3633;&#3597;&#3594;&#3640;&#3604;"/>
   <l:gentext key="SetIndex" text="&#3626;&#3634;&#3619;&#3610;&#3633;&#3597;&#3594;&#3640;&#3604;"/>
   <l:gentext key="Sidebar" text=""/>
   <l:gentext key="sidebar" text="sidebar"/>
   <l:gentext key="step" text="&#3621;&#3635;&#3604;&#3633;&#3610;"/>
   <l:gentext key="Step" text="&#3621;&#3635;&#3604;&#3633;&#3610;"/>
   <l:gentext key="Table" text="&#3605;&#3634;&#3619;&#3634;&#3591;"/>
   <l:gentext key="table" text="&#3605;&#3634;&#3619;&#3634;&#3591;"/>
   <l:gentext key="tip" text="&#3588;&#3635;&#3649;&#3609;&#3632;&#3609;&#3635;"/>
   <l:gentext key="TIP" text="&#3588;&#3635;&#3649;&#3609;&#3632;&#3609;&#3635;"/>
   <l:gentext key="Tip" text="&#3588;&#3635;&#3649;&#3609;&#3632;&#3609;&#3635;"/>
   <l:gentext key="Warning" text="&#3650;&#3611;&#3619;&#3604;&#3619;&#3632;&#3623;&#3633;&#3591;"/>
   <l:gentext key="warning" text="&#3650;&#3611;&#3619;&#3604;&#3619;&#3632;&#3623;&#3633;&#3591;"/>
   <l:gentext key="WARNING" text="&#3650;&#3611;&#3619;&#3604;&#3619;&#3632;&#3623;&#3633;&#3591;"/>
   <l:gentext key="and" text="&#3649;&#3621;&#3632;"/>
   <l:gentext key="by" text="&#3650;&#3604;&#3618;"/>
   <l:gentext key="Edited" text="&#3648;&#3619;&#3637;&#3618;&#3610;&#3648;&#3619;&#3637;&#3618;&#3591;"/>
   <l:gentext key="edited" text="&#3648;&#3619;&#3637;&#3618;&#3610;&#3648;&#3619;&#3637;&#3618;&#3591;"/>
   <l:gentext key="Editedby" text="&#3648;&#3619;&#3637;&#3618;&#3610;&#3648;&#3619;&#3637;&#3618;&#3591;&#3650;&#3604;&#3610;"/>
   <l:gentext key="editedby" text="&#3648;&#3619;&#3637;&#3618;&#3610;&#3648;&#3619;&#3637;&#3618;&#3591;&#3650;&#3604;&#3610;"/>
   <l:gentext key="in" text="&#3651;&#3609;"/>
   <l:gentext key="lastlistcomma" text=","/>
   <l:gentext key="listcomma" text=","/>
   <l:gentext key="nonexistantelement" text="&#3652;&#3617;&#3656;&#3614;&#3610;&#3626;&#3656;&#3623;&#3609;&#3607;&#3637;&#3656;&#3605;&#3657;&#3629;&#3591;&#3585;&#3634;&#3619;"/>
   <l:gentext key="notes" text="&#3627;&#3617;&#3634;&#3618;&#3648;&#3627;&#3605;&#3640;"/>
   <l:gentext key="Notes" text="&#3627;&#3617;&#3634;&#3618;&#3648;&#3627;&#3605;&#3640;"/>
   <l:gentext key="Pgs" text="&#3627;&#3609;&#3657;&#3634;"/>
   <l:gentext key="pgs" text="&#3627;&#3609;&#3657;&#3634;"/>
   <l:gentext key="Revisedby" text="&#3649;&#3585;&#3657;&#3652;&#3586;&#3611;&#3619;&#3633;&#3610;&#3611;&#3619;&#3640;&#3591;&#3650;&#3604;&#3618;: "/>
   <l:gentext key="revisedby" text="&#3649;&#3585;&#3657;&#3652;&#3586;&#3611;&#3619;&#3633;&#3610;&#3611;&#3619;&#3640;&#3591;&#3650;&#3604;&#3618;: "/>
   <l:gentext key="TableNotes" text="&#3627;&#3617;&#3634;&#3618;&#3648;&#3627;&#3605;&#3640;"/>
   <l:gentext key="tablenotes" text="&#3627;&#3617;&#3634;&#3618;&#3648;&#3627;&#3605;&#3640;"/>
   <l:gentext key="TableofContents" text="&#3626;&#3634;&#3619;&#3610;&#3633;&#3597;"/>
   <l:gentext key="tableofcontents" text="&#3626;&#3634;&#3619;&#3610;&#3633;&#3597;"/>
   <l:gentext key="unexpectedelementname" text="&#3614;&#3610;&#3626;&#3656;&#3623;&#3609;&#3607;&#3637;&#3656;&#3652;&#3617;&#3656;&#3605;&#3657;&#3629;&#3591;&#3585;&#3634;&#3619;"/>
   <l:gentext key="unsupported" text="&#3652;&#3617;&#3656;&#3626;&#3609;&#3633;&#3610;&#3626;&#3609;&#3640;&#3609;"/>
   <l:gentext key="xrefto" text="xref to"/>
   <l:gentext key="listofequations" text="&#3626;&#3634;&#3619;&#3610;&#3633;&#3597;&#3626;&#3617;&#3585;&#3634;&#3619;"/>
   <l:gentext key="ListofEquations" text="&#3626;&#3634;&#3619;&#3610;&#3633;&#3597;&#3626;&#3617;&#3585;&#3634;&#3619;"/>
   <l:gentext key="ListofExamples" text="&#3626;&#3634;&#3619;&#3610;&#3633;&#3597;&#3605;&#3633;&#3623;&#3629;&#3618;&#3656;&#3634;&#3591;"/>
   <l:gentext key="listofexamples" text="&#3626;&#3634;&#3619;&#3610;&#3633;&#3597;&#3605;&#3633;&#3623;&#3629;&#3618;&#3656;&#3634;&#3591;"/>
   <l:gentext key="ListofFigures" text="&#3626;&#3634;&#3619;&#3610;&#3633;&#3597;&#3619;&#3641;&#3611;"/>
   <l:gentext key="listoffigures" text="&#3626;&#3634;&#3619;&#3610;&#3633;&#3597;&#3619;&#3641;&#3611;"/>
   <l:gentext key="listoftables" text="&#3626;&#3634;&#3619;&#3610;&#3633;&#3597;&#3605;&#3634;&#3619;&#3634;&#3591;"/>
   <l:gentext key="ListofTables" text="&#3626;&#3634;&#3619;&#3610;&#3633;&#3597;&#3605;&#3634;&#3619;&#3634;&#3591;"/>
   <l:gentext key="ListofUnknown" text="&#3626;&#3634;&#3619;&#3610;&#3633;&#3597;&#3629;&#3639;&#3656;&#3609; &#3654;"/>
   <l:gentext key="listofunknown" text="&#3626;&#3634;&#3619;&#3610;&#3633;&#3597;&#3629;&#3639;&#3656;&#3609; &#3654;"/>
   <l:gentext key="nav-home" text="&#3627;&#3609;&#3657;&#3634;&#3649;&#3619;&#3585;"/>
   <l:gentext key="nav-next" text="&#3605;&#3656;&#3629;&#3652;&#3611;"/>
   <l:gentext key="nav-next-sibling" text="&#3605;&#3656;&#3629;&#3652;&#3611;"/>
   <l:gentext key="nav-prev" text="&#3585;&#3656;&#3629;&#3609;&#3627;&#3609;&#3657;&#3634;"/>
   <l:gentext key="nav-prev-sibling" text="&#3585;&#3656;&#3629;&#3609;&#3627;&#3609;&#3657;&#3634;"/>
   <l:gentext key="nav-up" text="&#3585;&#3621;&#3633;&#3610;"/>
   <l:gentext key="sectioncalled" text="&#3605;&#3629;&#3609;&#3609;&#3637;&#3657;&#3648;&#3657;&#3619;&#3637;&#3618;&#3585;&#3623;&#3656;&#3634;"/>
   <l:gentext key="Draft" text="Draft"/>
   <l:gentext key="above" text="above"/>
   <l:gentext key="below" text="below"/>
   <l:gentext key="index symbols" text="&#3626;&#3633;&#3597;&#3621;&#3633;&#3585;&#3625;&#3603;&#3660;"/>
   <l:gentext key="lowercase.alpha" text="abcdefghijklmnopqrstuvwxyz"/>
   <l:gentext key="uppercase.alpha" text="ABCDEFGHIJKLMNOPQRSTUVWXYZ"/>
   <l:dingbat key="startquote" text="&#8220;"/>
   <l:dingbat key="endquote" text="&#8221;"/>
   <l:dingbat key="nestedstartquote" text="&#8216;"/>
   <l:dingbat key="nestedendquote" text="&#8217;"/>
   <l:dingbat key="bullet" text="&#8226;"/>

   <l:context name="styles">
      <l:template name="person-name" text="first-last"/>
   </l:context>

   <l:context name="title">
      <l:template name="abstract" text="%t"/>
      <l:template name="answer" text="%t"/>
      <l:template name="appendix" text="&#3616;&#3634;&#3588;&#3612;&#3609;&#3623;&#3585; %n. %t"/>
      <l:template name="article" text="%t"/>
      <l:template name="authorblurb" text="%t"/>
      <l:template name="bibliodiv" text="%t"/>
      <l:template name="biblioentry" text="%t"/>
      <l:template name="bibliography" text="%t"/>
      <l:template name="bibliomixed" text="%t"/>
      <l:template name="bibliomset" text="%t"/>
      <l:template name="biblioset" text="%t"/>
      <l:template name="blockquote" text="%t"/>
      <l:template name="book" text="%t"/>
      <l:template name="calloutlist" text="%t"/>
      <l:template name="caution" text="%t"/>
      <l:template name="chapter" text="&#3610;&#3607;&#3607;&#3637;&#3656; %n. %t"/>
      <l:template name="colophon" text="%t"/>
      <l:template name="dedication" text="%t"/>
      <l:template name="equation" text="&#3626;&#3617;&#3585;&#3634;&#3619; %n. %t"/>
      <l:template name="example" text="&#3605;&#3633;&#3623;&#3629;&#3618;&#3656;&#3634;&#3591; %n. %t"/>
      <l:template name="figure" text="&#3619;&#3641;&#3611; %n. %t"/>
      <l:template name="formalpara" text="%t"/>
      <l:template name="glossary" text="%t"/>
      <l:template name="glossdiv" text="%t"/>
      <l:template name="important" text="%t"/>
      <l:template name="index" text="%t"/>
      <l:template name="indexdiv" text="%t"/>
      <l:template name="itemizedlist" text="%t"/>
      <l:template name="legalnotice" text="%t"/>
      <l:template name="listitem" text=""/>
      <l:template name="lot" text="%t"/>
      <l:template name="msg" text="%t"/>
      <l:template name="msgexplan" text="%t"/>
      <l:template name="msgmain" text="%t"/>
      <l:template name="msgrel" text="%t"/>
      <l:template name="msgset" text="%t"/>
      <l:template name="msgsub" text="%t"/>
      <l:template name="note" text="%t"/>
      <l:template name="orderedlist" text="%t"/>
      <l:template name="part" text="&#3616;&#3634;&#3588; %n. %t"/>
      <l:template name="partintro" text="%t"/>
      <l:template name="preface" text="%t"/>
      <l:template name="procedure" text="%t"/>
      <l:template name="procedure.formal" text="&#3619;&#3632;&#3648;&#3610;&#3637;&#3618;&#3610;&#3585;&#3634;&#3619; %n. %t"/>
      <l:template name="productionset" text="%t"/>
      <l:template name="productionset.formal" text="&#3612;&#3621;&#3636;&#3605; %n"/>
      <l:template name="qandadiv" text="%t"/>
      <l:template name="qandaentry" text="%t"/>
      <l:template name="qandaset" text="%t"/>
      <l:template name="question" text="%t"/>
      <l:template name="refentry" text="%t"/>
      <l:template name="reference" text="%t"/>
      <l:template name="refsection" text="%t"/>
      <l:template name="refsect1" text="%t"/>
      <l:template name="refsect2" text="%t"/>
      <l:template name="refsect3" text="%t"/>
      <l:template name="refsynopsisdiv" text="%t"/>
      <l:template name="refsynopsisdivinfo" text="%t"/>
      <l:template name="segmentedlist" text="%t"/>
      <l:template name="set" text="%t"/>
      <l:template name="setindex" text="%t"/>
      <l:template name="sidebar" text="%t"/>
      <l:template name="step" text="%t"/>
      <l:template name="table" text="&#3605;&#3634;&#3619;&#3634;&#3591; %n. %t"/>
      <l:template name="tip" text="%t"/>
      <l:template name="toc" text="%t"/>
      <l:template name="variablelist" text="%t"/>
      <l:template name="varlistentry" text=""/>
      <l:template name="warning" text="%t"/>
   </l:context>

   <l:context name="title-unnumbered">
      <l:template name="appendix" text="%t"/>
      <l:template name="bridgehead" text="%t"/>
      <l:template name="chapter" text="%t"/>
      <l:template name="sect1" text="%t"/>
      <l:template name="sect2" text="%t"/>
      <l:template name="sect3" text="%t"/>
      <l:template name="sect4" text="%t"/>
      <l:template name="sect5" text="%t"/>
      <l:template name="section" text="%t"/>
      <l:template name="simplesect" text="%t"/>
   </l:context>

   <l:context name="title-numbered">
      <l:template name="appendix" text="&#3616;&#3634;&#3588;&#3612;&#3609;&#3623;&#3585; %n. %t"/>
      <l:template name="bridgehead" text="%n. %t"/>
      <l:template name="chapter" text="&#3610;&#3607;&#3607;&#3637;&#3656; %n. %t"/>
      <l:template name="sect1" text="%n. %t"/>
      <l:template name="sect2" text="%n. %t"/>
      <l:template name="sect3" text="%n. %t"/>
      <l:template name="sect4" text="%n. %t"/>
      <l:template name="sect5" text="%n. %t"/>
      <l:template name="section" text="%n. %t"/>
      <l:template name="simplesect" text="%t"/>
   </l:context>

   <l:context name="subtitle">
      <l:template name="appendix" text="%s"/>
      <l:template name="article" text="%s"/>
      <l:template name="bibliodiv" text="%s"/>
      <l:template name="biblioentry" text="%s"/>
      <l:template name="bibliography" text="%s"/>
      <l:template name="bibliomixed" text="%s"/>
      <l:template name="bibliomset" text="%s"/>
      <l:template name="biblioset" text="%s"/>
      <l:template name="book" text="%s"/>
      <l:template name="chapter" text="%s"/>
      <l:template name="colophon" text="%s"/>
      <l:template name="dedication" text="%s"/>
      <l:template name="glossary" text="%s"/>
      <l:template name="glossdiv" text="%s"/>
      <l:template name="index" text="%s"/>
      <l:template name="indexdiv" text="%s"/>
      <l:template name="lot" text="%s"/>
      <l:template name="part" text="%s"/>
      <l:template name="partintro" text="%s"/>
      <l:template name="preface" text="%s"/>
      <l:template name="refentry" text="%s"/>
      <l:template name="reference" text="%s"/>
      <l:template name="refsection" text="%s"/>
      <l:template name="refsect1" text="%s"/>
      <l:template name="refsect2" text="%s"/>
      <l:template name="refsect3" text="%s"/>
      <l:template name="refsynopsisdiv" text="%s"/>
      <l:template name="sect1" text="%s"/>
      <l:template name="sect2" text="%s"/>
      <l:template name="sect3" text="%s"/>
      <l:template name="sect4" text="%s"/>
      <l:template name="sect5" text="%s"/>
      <l:template name="section" text="%s"/>
      <l:template name="set" text="%s"/>
      <l:template name="setindex" text="%s"/>
      <l:template name="sidebar" text="%s"/>
      <l:template name="simplesect" text="%s"/>
      <l:template name="toc" text="%s"/>
   </l:context>

   <l:context name="xref">
      <l:template name="abstract" text="%t"/>
      <l:template name="answer" text="&#3605;&#3629;&#3610;: %n"/>
      <l:template name="answer" text="&#3605;&#3629;&#3610;:&#160;%n"/>
      <l:template name="appendix" text="&#3616;&#3634;&#3588;&#3612;&#3609;&#3623;&#3585; %n"/>
      <l:template name="article" text="%t"/>
      <l:template name="authorblurb" text="%t"/>
      <l:template name="bibliodiv" text="%t"/>
      <l:template name="bibliography" text="%t"/>
      <l:template name="bibliomset" text="%t"/>
      <l:template name="biblioset" text="%t"/>
      <l:template name="blockquote" text="%t"/>
      <l:template name="book" text="%t"/>
      <l:template name="calloutlist" text="%t"/>
      <l:template name="caution" text="%t"/>
      <l:template name="chapter" text="&#3610;&#3607;&#3607;&#3637;&#3656; %n"/>
      <l:template name="colophon" text="%t"/>
      <l:template name="constraintdef" text="%t"/>
      <l:template name="dedication" text="%t"/>
      <l:template name="equation" text="&#3626;&#3617;&#3585;&#3634;&#3619; %n"/>
      <l:template name="equation" text="&#3626;&#3617;&#3585;&#3634;&#3619;&#160;%n"/>
      <l:template name="example" text="&#3605;&#3633;&#3623;&#3629;&#3618;&#3656;&#3634;&#3591; %n"/>
      <l:template name="figure" text="&#3619;&#3641;&#3611; %n"/>
      <l:template name="formalpara" text="%t"/>
      <l:template name="glossary" text="%t"/>
      <l:template name="glossdiv" text="%t"/>
      <l:template name="important" text="%t"/>
      <l:template name="index" text="%t"/>
      <l:template name="indexdiv" text="%t"/>
      <l:template name="itemizedlist" text="%t"/>
      <l:template name="legalnotice" text="%t"/>
      <l:template name="listitem" text="%n"/>
      <l:template name="lot" text="%t"/>
      <l:template name="msg" text="%t"/>
      <l:template name="msgexplan" text="%t"/>
      <l:template name="msgmain" text="%t"/>
      <l:template name="msgrel" text="%t"/>
      <l:template name="msgset" text="%t"/>
      <l:template name="msgsub" text="%t"/>
      <l:template name="note" text="%t"/>
      <l:template name="orderedlist" text="%t"/>
      <l:template name="part" text="&#3616;&#3634;&#3588; %n"/>
      <l:template name="partintro" text="%t"/>
      <l:template name="preface" text="%t"/>
      <l:template name="procedure" text="&#3619;&#3632;&#3648;&#3610;&#3637;&#3618;&#3610;&#3585;&#3634;&#3619; %n"/>
      <l:template name="procedure" text="&#3619;&#3632;&#3648;&#3610;&#3637;&#3618;&#3610;&#3585;&#3634;&#3619;&#160;%n"/>
      <l:template name="productionset" text="%t"/>
      <l:template name="qandadiv" text="%t"/>
      <l:template name="qandadiv" text="%t"/>
      <l:template name="qandaentry" text="&#3606;&#3634;&#3617;: %n"/>
      <l:template name="qandaentry" text="&#3606;&#3634;&#3617;:&#160;%n"/>
      <l:template name="qandaset" text="%t"/>
      <l:template name="qandaset" text="%t"/>
      <l:template name="question" text="&#3606;&#3634;&#3617;: %n"/>
      <l:template name="question" text="&#3606;&#3634;&#3617;:&#160;%n"/>
      <l:template name="reference" text="%t"/>
      <l:template name="refsection" text="%t"/>
      <l:template name="refsect1" text="%t"/>
      <l:template name="refsect2" text="%t"/>
      <l:template name="refsect3" text="%t"/>
      <l:template name="refsynopsisdiv" text="%t"/>
      <l:template name="segmentedlist" text="%t"/>
      <l:template name="set" text="%t"/>
      <l:template name="setindex" text="%t"/>
      <l:template name="sidebar" text="%t"/>
      <l:template name="table" text="&#3605;&#3634;&#3619;&#3634;&#3591; %n"/>
      <l:template name="tip" text="%t"/>
      <l:template name="toc" text="%t"/>
      <l:template name="variablelist" text="%t"/>
      <l:template name="varlistentry" text="%n"/>
      <l:template name="varlistentry" text="%n"/>
      <l:template name="warning" text="%t"/>
      <l:template name="page.citation" text=" [%p]"/>
   </l:context>

   <l:context name="section-xref">
      <l:template name="bridgehead" text="&#3605;&#3629;&#3609;&#3609;&#3637;&#3657;&#3648;&#3657;&#3619;&#3637;&#3618;&#3585;&#3623;&#3656;&#3634; &#8220;%t&#8221;"/>
      <l:template name="refsection" text="&#3605;&#3629;&#3609;&#3609;&#3637;&#3657;&#3648;&#3657;&#3619;&#3637;&#3618;&#3585;&#3623;&#3656;&#3634; &#8220;%t&#8221;"/>
      <l:template name="refsect1" text="&#3605;&#3629;&#3609;&#3609;&#3637;&#3657;&#3648;&#3657;&#3619;&#3637;&#3618;&#3585;&#3623;&#3656;&#3634; &#8220;%t&#8221;"/>
      <l:template name="refsect2" text="&#3605;&#3629;&#3609;&#3609;&#3637;&#3657;&#3648;&#3657;&#3619;&#3637;&#3618;&#3585;&#3623;&#3656;&#3634; &#8220;%t&#8221;"/>
      <l:template name="refsect3" text="&#3605;&#3629;&#3609;&#3609;&#3637;&#3657;&#3648;&#3657;&#3619;&#3637;&#3618;&#3585;&#3623;&#3656;&#3634; &#8220;%t&#8221;"/>
      <l:template name="sect1" text="&#3605;&#3629;&#3609;&#3609;&#3637;&#3657;&#3648;&#3657;&#3619;&#3637;&#3618;&#3585;&#3623;&#3656;&#3634; &#8220;%t&#8221;"/>
      <l:template name="sect2" text="&#3605;&#3629;&#3609;&#3609;&#3637;&#3657;&#3648;&#3657;&#3619;&#3637;&#3618;&#3585;&#3623;&#3656;&#3634; &#8220;%t&#8221;"/>
      <l:template name="sect3" text="&#3605;&#3629;&#3609;&#3609;&#3637;&#3657;&#3648;&#3657;&#3619;&#3637;&#3618;&#3585;&#3623;&#3656;&#3634; &#8220;%t&#8221;"/>
      <l:template name="sect4" text="&#3605;&#3629;&#3609;&#3609;&#3637;&#3657;&#3648;&#3657;&#3619;&#3637;&#3618;&#3585;&#3623;&#3656;&#3634; &#8220;%t&#8221;"/>
      <l:template name="sect5" text="&#3605;&#3629;&#3609;&#3609;&#3637;&#3657;&#3648;&#3657;&#3619;&#3637;&#3618;&#3585;&#3623;&#3656;&#3634; &#8220;%t&#8221;"/>
      <l:template name="section" text="&#3605;&#3629;&#3609;&#3609;&#3637;&#3657;&#3648;&#3657;&#3619;&#3637;&#3618;&#3585;&#3623;&#3656;&#3634; &#8220;%t&#8221;"/>
      <l:template name="simplesect" text="&#3605;&#3629;&#3609;&#3609;&#3637;&#3657;&#3648;&#3657;&#3619;&#3637;&#3618;&#3585;&#3623;&#3656;&#3634; &#8220;%t&#8221;"/>
   </l:context>

   <l:context name="section-xref-numbered">
      <l:template name="bridgehead" text="&#3605;&#3629;&#3609;&#3607;&#3637;&#3656; %n"/>
      <l:template name="refsection" text="&#3605;&#3629;&#3609;&#3609;&#3637;&#3657;&#3648;&#3657;&#3619;&#3637;&#3618;&#3585;&#3623;&#3656;&#3634; &#8220;%t&#8221;"/>
      <l:template name="refsect1" text="&#3605;&#3629;&#3609;&#3609;&#3637;&#3657;&#3648;&#3657;&#3619;&#3637;&#3618;&#3585;&#3623;&#3656;&#3634; &#8220;%t&#8221;"/>
      <l:template name="refsect2" text="&#3605;&#3629;&#3609;&#3609;&#3637;&#3657;&#3648;&#3657;&#3619;&#3637;&#3618;&#3585;&#3623;&#3656;&#3634; &#8220;%t&#8221;"/>
      <l:template name="refsect3" text="&#3605;&#3629;&#3609;&#3609;&#3637;&#3657;&#3648;&#3657;&#3619;&#3637;&#3618;&#3585;&#3623;&#3656;&#3634; &#8220;%t&#8221;"/>
      <l:template name="sect1" text="&#3605;&#3629;&#3609;&#3607;&#3637;&#3656; %n"/>
      <l:template name="sect2" text="&#3605;&#3629;&#3609;&#3607;&#3637;&#3656; %n"/>
      <l:template name="sect3" text="&#3605;&#3629;&#3609;&#3607;&#3637;&#3656; %n"/>
      <l:template name="sect4" text="&#3605;&#3629;&#3609;&#3607;&#3637;&#3656; %n"/>
      <l:template name="sect5" text="&#3605;&#3629;&#3609;&#3607;&#3637;&#3656; %n"/>
      <l:template name="section" text="&#3605;&#3629;&#3609;&#3607;&#3637;&#3656; %n"/>
      <l:template name="simplesect" text="&#3605;&#3629;&#3609;&#3609;&#3637;&#3657;&#3648;&#3657;&#3619;&#3637;&#3618;&#3585;&#3623;&#3656;&#3634; &#8220;%t&#8221;"/>
   </l:context>

   <l:context name="authorgroup">
      <l:template name="sep" text=", "/>
      <l:template name="sep2" text=" &#3649;&#3621;&#3632; "/>
      <l:template name="seplast" text=", &#3649;&#3621;&#3632; "/>
   </l:context>

   <l:context name="glossary">
      <l:template name="see" text="&#3604;&#3641; "/>
      <l:template name="seealso" text="&#3604;&#3641;&#3648;&#3614;&#3636;&#3656;&#3617;&#3648;&#3605;&#3636;&#3617; "/>
   </l:context>

   <l:context name="msgset">
      <l:template name="MsgAud" text="&#3612;&#3641;&#3657;&#3629;&#3656;&#3634;&#3609;: "/>
      <l:template name="MsgLevel" text="&#3619;&#3632;&#3604;&#3633;&#3610;: "/>
      <l:template name="MsgOrig" text="&#3607;&#3637;&#3656;&#3617;&#3634;: "/>
   </l:context>
</l:l10n>
