<?xml version="1.0" encoding="US-ASCII"?>
<l:l10n xmlns:l="http://docbook.sourceforge.net/xmlns/l10n/1.0" language="uk" english-language-name="Ukranian">

<!-- This file is generated automatically. -->
<!-- Do not edit this file by hand! -->
<!-- See http://docbook.sourceforge.net/ -->
<!-- To update this file: edit the corresponding document at -->
<!-- http://cvs.sourceforge.net/cgi-bin/viewcvs.cgi/docbook/gentext/locale/ -->

   <l:gentext key="Abstract" text="&#1040;&#1085;&#1086;&#1090;&#1072;&#1094;&#1110;&#1103;"/>
   <l:gentext key="abstract" text="&#1040;&#1085;&#1086;&#1090;&#1072;&#1094;&#1110;&#1103;"/>
   <l:gentext key="Answer" text="&#1042;:"/>
   <l:gentext key="answer" text="&#1074;:"/>
   <l:gentext key="Appendix" text="&#1044;&#1086;&#1076;&#1072;&#1090;&#1086;&#1082;"/>
   <l:gentext key="appendix" text="&#1076;&#1086;&#1076;&#1072;&#1090;&#1086;&#1082;"/>
   <l:gentext key="Appendix.abr" text="&#1044;&#1086;&#1076;."/>
   <l:gentext key="appendix.abr" text="&#1076;&#1086;&#1076;."/>
   <l:gentext key="Article" text="&#1057;&#1090;&#1072;&#1090;&#1090;&#1103;"/>
   <l:gentext key="article" text="&#1089;&#1090;&#1072;&#1090;&#1090;&#1103;"/>
   <l:gentext key="Audience" text="&#1040;&#1091;&#1076;&#1080;&#1090;&#1086;&#1088;&#1110;&#1103;"/>
   <l:gentext key="audience" text="&#1040;&#1091;&#1076;&#1080;&#1090;&#1086;&#1088;&#1110;&#1103;"/>
   <l:gentext key="Bibliography" text="&#1051;&#1080;&#1090;&#1077;&#1088;&#1072;&#1090;&#1091;&#1088;&#1072;"/>
   <l:gentext key="bibliography" text="&#1083;&#1080;&#1090;&#1077;&#1088;&#1072;&#1090;&#1091;&#1088;&#1072;"/>
   <l:gentext key="Book" text="&#1050;&#1085;&#1080;&#1075;&#1072;"/>
   <l:gentext key="book" text="&#1082;&#1085;&#1080;&#1075;&#1072;"/>
   <l:gentext key="CAUTION" text="&#1047;&#1040;&#1057;&#1058;&#1045;&#1056;&#1045;&#1046;&#1045;&#1053;&#1053;&#1071;"/>
   <l:gentext key="Caution" text="&#1047;&#1072;&#1089;&#1090;&#1077;&#1088;&#1077;&#1078;&#1077;&#1085;&#1085;&#1103;"/>
   <l:gentext key="caution" text="&#1079;&#1072;&#1089;&#1090;&#1077;&#1088;&#1077;&#1078;&#1077;&#1085;&#1085;&#1103;"/>
   <l:gentext key="Chapter" text="&#1056;&#1086;&#1079;&#1076;&#1110;&#1083;"/>
   <l:gentext key="chapter" text="&#1088;&#1086;&#1079;&#1076;&#1110;&#1083;"/>
   <l:gentext key="Chapter.abr" text="&#1056;&#1086;&#1079;&#1076;."/>
   <l:gentext key="chapter.abr" text="&#1088;&#1086;&#1079;&#1076;."/>
   <l:gentext key="Colophon" text="Colophon"/>
   <l:gentext key="colophon" text="Colophon"/>
   <l:gentext key="Copyright" text="&#1040;&#1074;&#1090;&#1086;&#1088;&#1089;&#1100;&#1082;&#1077; &#1087;&#1088;&#1072;&#1074;&#1086;"/>
   <l:gentext key="copyright" text="&#1072;&#1074;&#1090;&#1086;&#1088;&#1089;&#1100;&#1082;&#1077; &#1087;&#1088;&#1072;&#1074;&#1086;"/>
   <l:gentext key="Dedication" text="&#1055;&#1088;&#1080;&#1089;&#1074;&#1103;&#1095;&#1077;&#1085;&#1085;&#1103;"/>
   <l:gentext key="dedication" text="&#1087;&#1088;&#1080;&#1089;&#1074;&#1103;&#1095;&#1077;&#1085;&#1085;&#1103;"/>
   <l:gentext key="Edition" text="&#1042;&#1080;&#1076;&#1072;&#1085;&#1085;&#1103;"/>
   <l:gentext key="edition" text="&#1074;&#1080;&#1076;&#1072;&#1085;&#1085;&#1103;"/>
   <l:gentext key="Equation" text="&#1060;&#1086;&#1088;&#1084;&#1091;&#1083;&#1072;"/>
   <l:gentext key="equation" text="&#1060;&#1086;&#1088;&#1084;&#1091;&#1083;&#1072;"/>
   <l:gentext key="Equation.abr" text="&#1060;."/>
   <l:gentext key="equation.abr" text="&#1060;."/>
   <l:gentext key="Example" text="&#1055;&#1088;&#1080;&#1082;&#1083;&#1072;&#1076;"/>
   <l:gentext key="example" text="&#1087;&#1088;&#1080;&#1082;&#1083;&#1072;&#1076;"/>
   <l:gentext key="Example.abr" text="&#1055;&#1088;&#1080;&#1082;&#1083;."/>
   <l:gentext key="example.abr" text="&#1087;&#1088;&#1080;&#1082;&#1083;."/>
   <l:gentext key="Figure" text="&#1056;&#1080;&#1089;&#1091;&#1085;&#1086;&#1082;"/>
   <l:gentext key="figure" text="&#1056;&#1080;&#1089;&#1091;&#1085;&#1086;&#1082;"/>
   <l:gentext key="Figure.abr" text="&#1056;&#1080;&#1089;."/>
   <l:gentext key="figure.abr" text="&#1056;&#1080;&#1089;."/>
   <l:gentext key="Glossary" text="&#1043;&#1083;&#1086;&#1089;&#1072;&#1088;&#1110;&#1081;"/>
   <l:gentext key="glossary" text="&#1075;&#1083;&#1086;&#1089;&#1072;&#1088;&#1110;&#1081;"/>
   <l:gentext key="GlossSee" text="&#1044;&#1080;&#1074;."/>
   <l:gentext key="glosssee" text="&#1076;&#1080;&#1074;."/>
   <l:gentext key="GlossSeeAlso" text="&#1044;&#1080;&#1074;. &#1090;&#1072;&#1082;&#1086;&#1078;"/>
   <l:gentext key="glossSeeAlso" text="&#1076;&#1080;&#1074;. &#1090;&#1072;&#1082;&#1086;&#1078;"/>
   <l:gentext key="glossseealso" text="&#1076;&#1080;&#1074;. &#1090;&#1072;&#1082;&#1086;&#1078;"/>
   <l:gentext key="IMPORTANT" text="&#1042;&#1040;&#1046;&#1051;&#1048;&#1042;&#1054;"/>
   <l:gentext key="Important" text="&#1042;&#1072;&#1078;&#1083;&#1080;&#1074;&#1086;"/>
   <l:gentext key="important" text="&#1074;&#1072;&#1078;&#1083;&#1080;&#1074;&#1086;"/>
   <l:gentext key="Index" text="&#1055;&#1088;&#1077;&#1076;&#1084;&#1077;&#1090;&#1085;&#1099;&#1081; &#1087;&#1086;&#1082;&#1072;&#1078;chcy;&#1080;&#1082;"/>
   <l:gentext key="index" text="&#1087;&#1088;&#1077;&#1076;&#1084;&#1077;&#1090;&#1085;&#1099;&#1081; &#1087;&#1086;&#1082;&#1072;&#1078;chcy;&#1080;&#1082;"/>
   <l:gentext key="ISBN" text="ISBN"/>
   <l:gentext key="isbn" text="ISBN"/>
   <l:gentext key="LegalNotice" text="&#1055;&#1088;&#1072;&#1074;&#1086;&#1074;&#1072; &#1087;&#1088;&#1080;&#1084;&#1110;&#1090;&#1082;&#1072;"/>
   <l:gentext key="legalnotice" text="&#1087;&#1088;&#1072;&#1074;&#1086;&#1074;&#1072; &#1087;&#1088;&#1080;&#1084;&#1110;&#1090;&#1082;&#1072;"/>
   <l:gentext key="Level" text="&#1056;&#1110;&#1074;&#1077;&#1085;&#1100;"/>
   <l:gentext key="level" text="&#1088;&#1110;&#1074;&#1077;&#1085;&#1100;"/>
   <l:gentext key="MsgAud" text="&#1040;&#1091;&#1076;&#1080;&#1090;&#1086;&#1088;&#1110;&#1103;"/>
   <l:gentext key="msgaud" text="&#1072;&#1091;&#1076;&#1080;&#1090;&#1086;&#1088;&#1110;&#1103;"/>
   <l:gentext key="MsgLevel" text="&#1056;&#1110;&#1074;&#1077;&#1085;&#1100;"/>
   <l:gentext key="msglevel" text="&#1088;&#1110;&#1074;&#1077;&#1085;&#1100;"/>
   <l:gentext key="MsgOrig" text="&#1044;&#1078;&#1077;&#1088;&#1077;&#1083;&#1086;"/>
   <l:gentext key="msgorig" text="&#1076;&#1078;&#1077;&#1088;&#1077;&#1083;&#1086;"/>
   <l:gentext key="Name" text="&#1030;&#1084;';&#1103;"/>
   <l:gentext key="name" text="&#1110;&#1084;';&#1103;"/>
   <l:gentext key="NOTE" text="&#1055;&#1056;&#1048;&#1052;&#1030;&#1058;&#1050;&#1040;"/>
   <l:gentext key="Note" text="&#1055;&#1088;&#1080;&#1084;&#1110;&#1090;&#1082;&#1072;"/>
   <l:gentext key="note" text="&#1087;&#1088;&#1080;&#1084;&#1110;&#1090;&#1082;&#1072;"/>
   <l:gentext key="Origin" text="&#1044;&#1078;&#1077;&#1088;&#1077;&#1083;&#1086;"/>
   <l:gentext key="origin" text="&#1076;&#1078;&#1077;&#1088;&#1077;&#1083;&#1086;"/>
   <l:gentext key="Part" text="&#1063;&#1072;&#1089;&#1090;&#1080;&#1085;&#1072;"/>
   <l:gentext key="part" text="&#1095;&#1072;&#1089;&#1090;&#1080;&#1085;&#1072;"/>
   <l:gentext key="Part.abr" text="&#1063;."/>
   <l:gentext key="part.abr" text="&#1063;."/>
   <l:gentext key="Preface" text="&#1055;&#1077;&#1088;&#1077;&#1076;&#1084;&#1086;&#1074;&#1072;"/>
   <l:gentext key="preface" text="&#1087;&#1077;&#1088;&#1077;&#1076;&#1084;&#1086;&#1074;&#1072;"/>
   <l:gentext key="Procedure" text="&#1055;&#1088;&#1086;&#1094;&#1077;&#1076;&#1091;&#1088;&#1072;"/>
   <l:gentext key="procedure" text="&#1055;&#1088;&#1086;&#1094;&#1077;&#1076;&#1091;&#1088;&#1072;"/>
   <l:gentext key="Procedure.abr" text="&#1055;&#1088;&#1086;&#1094;."/>
   <l:gentext key="procedure.abr" text="&#1055;&#1088;&#1086;&#1094;."/>
   <l:gentext key="ProductionSet" text="Production"/>
   <l:gentext key="Published" text="&#1054;&#1087;&#1091;&#1073;&#1083;&#1110;&#1082;&#1086;&#1074;&#1072;&#1085;&#1086;"/>
   <l:gentext key="published" text="&#1086;&#1087;&#1091;&#1073;&#1083;&#1110;&#1082;&#1086;&#1074;&#1072;&#1085;&#1086;"/>
   <l:gentext key="Question" text="&#1055;"/>
   <l:gentext key="question" text="&#1087;"/>
   <l:gentext key="RefEntry" text=""/>
   <l:gentext key="refentry" text=""/>
   <l:gentext key="Reference" text="&#1055;&#1086;&#1089;&#1080;&#1083;&#1072;&#1085;&#1085;&#1103;"/>
   <l:gentext key="reference" text="&#1087;&#1086;&#1089;&#1080;&#1083;&#1072;&#1085;&#1085;&#1103;"/>
   <l:gentext key="RefName" text="Name"/>
   <l:gentext key="refname" text="Name"/>
   <l:gentext key="RefSection" text=""/>
   <l:gentext key="refsection" text=""/>
   <l:gentext key="RefSynopsisDiv" text="&#1050;&#1086;&#1088;&#1086;&#1090;&#1082;&#1080;&#1081; &#1086;&#1075;&#1083;&#1103;&#1076;"/>
   <l:gentext key="refsynopsisdiv" text="&#1082;&#1086;&#1088;&#1086;&#1090;&#1082;&#1080;&#1081; &#1086;&#1075;&#1083;&#1103;&#1076;"/>
   <l:gentext key="RevHistory" text="&#1054;&#1087;&#1080;&#1089; zcy;&#1084;&#1110;&#1085;"/>
   <l:gentext key="revhistory" text="&#1086;&#1087;&#1080;&#1089; zcy;&#1084;&#1110;&#1085;"/>
   <l:gentext key="Revision" text="&#1055;&#1077;&#1088;&#1077;&#1075;&#1083;&#1103;&#1076;"/>
   <l:gentext key="revision" text="&#1087;&#1077;&#1088;&#1077;&#1075;&#1083;&#1103;&#1076;"/>
   <l:gentext key="sect1" text="Section"/>
   <l:gentext key="sect2" text="Section"/>
   <l:gentext key="sect3" text="Section"/>
   <l:gentext key="sect4" text="Section"/>
   <l:gentext key="sect5" text="Section"/>
   <l:gentext key="Section" text="&#1055;&#1072;&#1088;&#1072;&#1075;&#1088;&#1072;&#1092;"/>
   <l:gentext key="section" text="&#1087;&#1072;&#1088;&#1072;&#1075;&#1088;&#1072;&#1092;"/>
   <l:gentext key="Section.abr" text="&#1055;&#1072;&#1088;."/>
   <l:gentext key="section.abr" text="&#1087;&#1072;&#1088;."/>
   <l:gentext key="See" text="&#1044;&#1080;&#1074;."/>
   <l:gentext key="see" text="&#1076;&#1080;&#1074;."/>
   <l:gentext key="SeeAlso" text="&#1044;&#1080;&#1074;. tcy;&#1072;&#1082;&#1086;&#1078;"/>
   <l:gentext key="Seealso" text="&#1044;&#1080;&#1074;. tcy;&#1072;&#1082;&#1086;&#1078;"/>
   <l:gentext key="seealso" text="&#1089;&#1080;&#1074;. tcy;&#1072;&#1082;&#1086;&#1078;"/>
   <l:gentext key="Set" text="&#1042;&#1080;&#1073;&#1110;&#1088;&#1082;&#1072;"/>
   <l:gentext key="set" text="&#1074;&#1080;&#1073;&#1110;&#1088;&#1082;&#1072;"/>
   <l:gentext key="SetIndex" text="&#1048;&#1085;&#1076;&#1077;&#1082;&#1089; &#1074;&#1080;&#1073;&#1110;&#1088;&#1082;&#1080;"/>
   <l:gentext key="setindex" text="&#1080;&#1085;&#1076;&#1077;&#1082;&#1089; &#1074;&#1080;&#1073;&#1110;&#1088;&#1082;&#1080;"/>
   <l:gentext key="Sidebar" text="&#1042;&#1099;&#1076;&#1110;&#1083;&#1077;&#1085;&#1085;&#1103;"/>
   <l:gentext key="sidebar" text="&#1074;&#1099;&#1076;&#1110;&#1083;&#1077;&#1085;&#1085;&#1103;"/>
   <l:gentext key="Step" text="&#1050;&#1088;&#1086;&#1082;"/>
   <l:gentext key="step" text="&#1082;&#1088;&#1086;&#1082;"/>
   <l:gentext key="Table" text="&#1058;&#1072;&#1073;&#1083;&#1080;&#1094;&#1103;"/>
   <l:gentext key="table" text="&#1090;&#1072;&#1073;&#1083;&#1080;&#1094;&#1103;"/>
   <l:gentext key="Table.abr" text="&#1058;&#1072;&#1073;&#1083;."/>
   <l:gentext key="table.abr" text="&#1090;&#1072;&#1073;&#1083;."/>
   <l:gentext key="TIP" text="&#1055;&#1030;&#1044;&#1050;&#1040;&#1047;&#1050;&#1040;"/>
   <l:gentext key="Tip" text="&#1055;&#1110;&#1076;&#1082;&#1072;&#1079;&#1082;&#1072;"/>
   <l:gentext key="tip" text="&#1087;&#1110;&#1076;&#1082;&#1072;&#1079;&#1082;&#1072;"/>
   <l:gentext key="WARNING" text="&#1047;&#1040;&#1057;&#1058;&#1045;&#1056;&#1045;&#1046;&#1045;&#1053;&#1053;&#1071;"/>
   <l:gentext key="Warning" text="&#1047;&#1072;&#1089;&#1090;&#1077;&#1088;&#1077;&#1078;&#1077;&#1085;&#1085;&#1103;"/>
   <l:gentext key="warning" text="&#1079;&#1072;&#1089;&#1090;&#1077;&#1088;&#1077;&#1078;&#1077;&#1085;&#1085;&#1103;"/>
   <l:gentext key="and" text=""/>
   <l:gentext key="by" text=""/>
   <l:gentext key="called" text=""/>
   <l:gentext key="edited" text="&#1087;&#1080;&#1076; &#1088;&#1077;&#1076;&#1072;&#1082;&#1094;&#1110;&#1108;&#1102;"/>
   <l:gentext key="Edited" text="&#1055;&#1080;&#1076; &#1088;&#1077;&#1076;&#1072;&#1082;&#1094;&#1110;&#1108;&#1102;"/>
   <l:gentext key="Editedby" text="&#1055;&#1080;&#1076; &#1088;&#1077;&#1076;&#1072;&#1082;&#1094;&#1110;&#1108;&#1102;"/>
   <l:gentext key="editedby" text="&#1087;&#1080;&#1076; &#1088;&#1077;&#1076;&#1072;&#1082;&#1094;&#1110;&#1108;&#1102;"/>
   <l:gentext key="in" text="&#1074;"/>
   <l:gentext key="TableofContents" text="&#1047;&#1084;&#1110;&#1089;&#1090;"/>
   <l:gentext key="tableofcontents" text="&#1079;&#1084;&#1110;&#1089;&#1090;"/>
   <l:gentext key="lastlistcomma" text="."/>
   <l:gentext key="listcomma" text=","/>
   <l:gentext key="Notes" text="&#1055;&#1088;&#1080;&#1084;&#1110;&#1090;&#1082;&#1080;"/>
   <l:gentext key="notes" text="&#1087;&#1088;&#1080;&#1084;&#1110;&#1090;&#1082;&#1080;"/>
   <l:gentext key="TableNotes" text="&#1055;&#1088;&#1080;&#1084;&#1110;&#1090;&#1082;&#1080;"/>
   <l:gentext key="tablenotes" text="&#1087;&#1088;&#1080;&#1084;&#1110;&#1090;&#1082;&#1080;"/>
   <l:gentext key="nonexistantelement" text="non-existant element"/>
   <l:gentext key="pgs" text="&#1089;&#1090;&#1086;&#1088;."/>
   <l:gentext key="Pgs" text="&#1057;&#1090;&#1086;&#1088;."/>
   <l:gentext key="Revisedby" text="&#1050;&#1086;&#1088;&#1077;&#1082;&#1090;&#1091;&#1088;&#1072;:;"/>
   <l:gentext key="revisedby" text="&#1082;&#1086;&#1088;&#1077;&#1082;&#1090;&#1091;&#1088;&#1072;:;"/>
   <l:gentext key="the" text=""/>
   <l:gentext key="unexpectedelementname" text="unexpected element name"/>
   <l:gentext key="unsupported" text="unsupported"/>
   <l:gentext key="xrefto" text="xref to"/>
   <l:gentext key="listofequations" text="&#1089;&#1087;&#1080;&#1089;&#1086;&#1082; &#1092;&#1086;&#1088;&#1084;&#1091;&#1083;"/>
   <l:gentext key="ListofEquations" text="&#1057;&#1087;&#1080;&#1089;&#1086;&#1082; &#1092;&#1086;&#1088;&#1084;&#1091;&#1083;"/>
   <l:gentext key="ListofExamples" text="&#1057;&#1087;&#1080;&#1089;&#1086;&#1082; &#1087;&#1088;&#1080;&#1082;&#1083;&#1072;&#1076;&#1110;&#1074;"/>
   <l:gentext key="listofexamples" text="&#1089;&#1087;&#1080;&#1089;&#1086;&#1082; &#1087;&#1088;&#1080;&#1082;&#1083;&#1072;&#1076;&#1110;&#1074;"/>
   <l:gentext key="ListofFigures" text="&#1057;&#1087;&#1080;&#1089;&#1086;&#1082; &#1110;&#1083;&#1102;&#1089;&#1090;&#1088;&#1072;&#1094;&#1110;&#1081;"/>
   <l:gentext key="listoffigures" text="&#1057;&#1087;&#1080;&#1089;&#1086;&#1082; &#1110;&#1083;&#1102;&#1089;&#1090;&#1088;&#1072;&#1094;&#1110;&#1081;"/>
   <l:gentext key="listoftables" text="&#1089;&#1087;&#1080;&#1089;&#1086;&#1082; &#1090;&#1072;&#1073;&#1083;&#1080;&#1094;&#1100;"/>
   <l:gentext key="ListofTables" text="&#1057;&#1087;&#1080;&#1089;&#1086;&#1082; &#1090;&#1072;&#1073;&#1083;&#1080;&#1094;;&#1100;"/>
   <l:gentext key="ListofUnknown" text="&#1053;&#1077;&#1074;&#1080;&#1079;&#1085;&#1072;&#1095;&#1077;&#1085;&#1080;&#1081; &#1089;&#1087;&#1080;&#1089;&#1086;&#1082;"/>
   <l:gentext key="listofunknown" text="&#1085;&#1077;&#1074;&#1080;&#1079;&#1085;&#1072;&#1095;&#1077;&#1085;&#1080;&#1081; &#1089;&#1087;&#1080;&#1089;&#1086;&#1082;"/>
   <l:gentext key="nav-next" text="&#1076;&#1072;&#1083;&#1110;"/>
   <l:gentext key="nav-next-sibling" text="&#1076;&#1072;&#1083;&#1110; &#1087;&#1086; &#1088;&#1110;&#1074;&#1085;&#1102;"/>
   <l:gentext key="nav-prev" text="&#1085;&#1072;&#1079;&#1072;&#1076;"/>
   <l:gentext key="nav-prev-sibling" text="&#1085;&#1072;&#1079;&#1072;&#1076; &#1087;&#1086; &#1088;&#1110;&#1074;&#1085;&#1102;"/>
   <l:gentext key="x-nav-next" text="&#1076;&#1072;&#1083;&#1110;"/>
   <l:gentext key="nav-home" text="&#1055;&#1086;&#1095;&#1072;&#1090;&#1086;&#1082;"/>
   <l:gentext key="nav-up" text="&#1044;&#1086;&#1075;&#1086;&#1088;&#1080;"/>
   <l:gentext key="sectioncalled" text="the section called"/>
   <l:gentext key="Draft" text="Draft"/>
   <l:gentext key="above" text="above"/>
   <l:gentext key="below" text="below"/>
   <l:gentext key="index symbols" text="Symbols"/>
   <l:gentext key="lowercase.alpha" text="abcdefghijklmnopqrstuvwxyz"/>
   <l:gentext key="uppercase.alpha" text="ABCDEFGHIJKLMNOPQRSTUVWXYZ"/>
   <l:dingbat key="startquote" text="&#8220;"/>
   <l:dingbat key="endquote" text="&#8221;"/>
   <l:dingbat key="nestedstartquote" text="&#8216;"/>
   <l:dingbat key="nestedendquote" text="&#8217;"/>
   <l:dingbat key="bullet" text="&#8226;"/>

   <l:context name="styles">
      <l:template name="person-name" text="first-last"/>
   </l:context>

   <l:context name="title">
      <l:template name="abstract" text="%t"/>
      <l:template name="answer" text="%t"/>
      <l:template name="appendix" text="&#1044;&#1086;&#1076;&#1072;&#1090;&#1086;&#1082; %n. %t"/>
      <l:template name="article" text="%t"/>
      <l:template name="authorblurb" text="%t"/>
      <l:template name="bibliodiv" text="%t"/>
      <l:template name="biblioentry" text="%t"/>
      <l:template name="bibliography" text="%t"/>
      <l:template name="bibliomixed" text="%t"/>
      <l:template name="bibliomset" text="%t"/>
      <l:template name="biblioset" text="%t"/>
      <l:template name="blockquote" text="%t"/>
      <l:template name="book" text="%t"/>
      <l:template name="calloutlist" text="%t"/>
      <l:template name="caution" text="%t"/>
      <l:template name="chapter" text="&#1056;&#1086;&#1079;&#1076;&#1110;&#1083; %n. %t"/>
      <l:template name="colophon" text="%t"/>
      <l:template name="dedication" text="%t"/>
      <l:template name="equation" text="&#1060;&#1086;&#1088;&#1084;&#1091;&#1083;&#1072; %n. %t"/>
      <l:template name="example" text="&#1055;&#1088;&#1080;&#1082;&#1083;&#1072;&#1076; %n. %t"/>
      <l:template name="figure" text="&#1056;&#1080;&#1089;&#1091;&#1085;&#1086;&#1082; %n. %t"/>
      <l:template name="formalpara" text="%t"/>
      <l:template name="glossary" text="%t"/>
      <l:template name="glossdiv" text="%t"/>
      <l:template name="important" text="%t"/>
      <l:template name="index" text="%t"/>
      <l:template name="indexdiv" text="%t"/>
      <l:template name="itemizedlist" text="%t"/>
      <l:template name="legalnotice" text="%t"/>
      <l:template name="listitem" text=""/>
      <l:template name="lot" text="%t"/>
      <l:template name="msg" text="%t"/>
      <l:template name="msgexplan" text="%t"/>
      <l:template name="msgmain" text="%t"/>
      <l:template name="msgrel" text="%t"/>
      <l:template name="msgset" text="%t"/>
      <l:template name="msgsub" text="%t"/>
      <l:template name="note" text="%t"/>
      <l:template name="orderedlist" text="%t"/>
      <l:template name="part" text="&#1063;&#1072;&#1089;&#1090;&#1080;&#1085;&#1072; %n. %t"/>
      <l:template name="partintro" text="%t"/>
      <l:template name="preface" text="%t"/>
      <l:template name="procedure" text="%t"/>
      <l:template name="procedure.formal" text="&#1055;&#1088;&#1086;&#1094;&#1077;&#1076;&#1091;&#1088;&#1072;&#160;%n.&#160;%t"/>
      <l:template name="productionset" text="%t"/>
      <l:template name="productionset.formal" text="Production&#160;%n"/>
      <l:template name="qandadiv" text="%t"/>
      <l:template name="qandaentry" text="%t"/>
      <l:template name="qandaset" text="%t"/>
      <l:template name="question" text="%t"/>
      <l:template name="refentry" text="%t"/>
      <l:template name="reference" text="%t"/>
      <l:template name="refsection" text="%t"/>
      <l:template name="refsect1" text="%t"/>
      <l:template name="refsect2" text="%t"/>
      <l:template name="refsect3" text="%t"/>
      <l:template name="refsynopsisdiv" text="%t"/>
      <l:template name="refsynopsisdivinfo" text="%t"/>
      <l:template name="segmentedlist" text="%t"/>
      <l:template name="set" text="%t"/>
      <l:template name="setindex" text="%t"/>
      <l:template name="sidebar" text="%t"/>
      <l:template name="step" text="%t"/>
      <l:template name="table" text="&#1058;&#1072;&#1073;&#1083;&#1080;&#1094;&#1103; %n. %t"/>
      <l:template name="tip" text="%t"/>
      <l:template name="toc" text="%t"/>
      <l:template name="variablelist" text="%t"/>
      <l:template name="warning" text="%t"/>
   </l:context>

   <l:context name="title-unnumbered">
      <l:template name="appendix" text="%t"/>
      <l:template name="bridgehead" text="%t"/>
      <l:template name="chapter" text="%t"/>
      <l:template name="sect1" text="%t"/>
      <l:template name="sect2" text="%t"/>
      <l:template name="sect3" text="%t"/>
      <l:template name="sect4" text="%t"/>
      <l:template name="sect5" text="%t"/>
      <l:template name="section" text="%t"/>
      <l:template name="simplesect" text="%t"/>
   </l:context>

   <l:context name="title-numbered">
      <l:template name="appendix" text="&#1044;&#1086;&#1076;&#1072;&#1090;&#1086;&#1082; %n. %t"/>
      <l:template name="bridgehead" text="%t"/>
      <l:template name="chapter" text="&#1056;&#1086;&#1079;&#1076;&#1110;&#1083; %n. %t"/>
      <l:template name="sect1" text="%n. %t"/>
      <l:template name="sect2" text="%n. %t"/>
      <l:template name="sect3" text="%n. %t"/>
      <l:template name="sect4" text="%n. %t"/>
      <l:template name="sect5" text="%n. %t"/>
      <l:template name="section" text="%n. %t"/>
      <l:template name="simplesect" text="%n. %t"/>
   </l:context>

   <l:context name="subtitle">
      <l:template name="appendix" text="%s"/>
      <l:template name="article" text="%s"/>
      <l:template name="bibliodiv" text="%s"/>
      <l:template name="biblioentry" text="%s"/>
      <l:template name="bibliography" text="%s"/>
      <l:template name="bibliomixed" text="%s"/>
      <l:template name="bibliomset" text="%s"/>
      <l:template name="biblioset" text="%s"/>
      <l:template name="book" text="%s"/>
      <l:template name="chapter" text="%s"/>
      <l:template name="colophon" text="%s"/>
      <l:template name="dedication" text="%s"/>
      <l:template name="glossary" text="%s"/>
      <l:template name="glossdiv" text="%s"/>
      <l:template name="index" text="%s"/>
      <l:template name="indexdiv" text="%s"/>
      <l:template name="lot" text="%s"/>
      <l:template name="part" text="%s"/>
      <l:template name="partintro" text="%s"/>
      <l:template name="preface" text="%s"/>
      <l:template name="refentry" text="%s"/>
      <l:template name="reference" text="%s"/>
      <l:template name="refsection" text="%s"/>
      <l:template name="refsect1" text="%s"/>
      <l:template name="refsect2" text="%s"/>
      <l:template name="refsect3" text="%s"/>
      <l:template name="refsynopsisdiv" text="%s"/>
      <l:template name="sect1" text="%s"/>
      <l:template name="sect2" text="%s"/>
      <l:template name="sect3" text="%s"/>
      <l:template name="sect4" text="%s"/>
      <l:template name="sect5" text="%s"/>
      <l:template name="section" text="%s"/>
      <l:template name="set" text="%s"/>
      <l:template name="setindex" text="%s"/>
      <l:template name="sidebar" text="%s"/>
      <l:template name="simplesect" text="%s"/>
      <l:template name="toc" text="%s"/>
   </l:context>

   <l:context name="xref">
      <l:template name="abstract" text="%t"/>
      <l:template name="answer" text="&#1042;:&#160;%n"/>
      <l:template name="appendix" text="&#1044;&#1086;&#1076;&#1072;&#1090;&#1086;&#1082; %n. %t"/>
      <l:template name="article" text="%t"/>
      <l:template name="authorblurb" text="%t"/>
      <l:template name="bibliodiv" text="%t"/>
      <l:template name="bibliography" text="%t"/>
      <l:template name="bibliomset" text="%t"/>
      <l:template name="biblioset" text="%t"/>
      <l:template name="blockquote" text="%t"/>
      <l:template name="book" text="%t"/>
      <l:template name="calloutlist" text="%t"/>
      <l:template name="caution" text="%t"/>
      <l:template name="chapter" text="&#1056;&#1086;&#1079;&#1076;&#1110;&#1083; %n. %t"/>
      <l:template name="colophon" text="%t"/>
      <l:template name="constraintdef" text="%t"/>
      <l:template name="dedication" text="%t"/>
      <l:template name="equation" text="&#1060;&#1086;&#1088;&#1084;&#1091;&#1083;&#1072;&#160;%n"/>
      <l:template name="example" text="&#1055;&#1088;&#1080;&#1082;&#1083;&#1072;&#1076; %n. %t"/>
      <l:template name="figure" text="&#1056;&#1080;&#1089;&#1091;&#1085;&#1086;&#1082; %n. %t"/>
      <l:template name="formalpara" text="%t"/>
      <l:template name="glossary" text="%t"/>
      <l:template name="glossdiv" text="%t"/>
      <l:template name="important" text="%t"/>
      <l:template name="index" text="%t"/>
      <l:template name="indexdiv" text="%t"/>
      <l:template name="itemizedlist" text="%t"/>
      <l:template name="legalnotice" text="%t"/>
      <l:template name="listitem" text="%n"/>
      <l:template name="lot" text="%t"/>
      <l:template name="msg" text="%t"/>
      <l:template name="msgexplan" text="%t"/>
      <l:template name="msgmain" text="%t"/>
      <l:template name="msgrel" text="%t"/>
      <l:template name="msgset" text="%t"/>
      <l:template name="msgsub" text="%t"/>
      <l:template name="note" text="%t"/>
      <l:template name="orderedlist" text="%t"/>
      <l:template name="part" text="&#1063;&#1072;&#1089;&#1090;&#1080;&#1085;&#1072; %n. %t"/>
      <l:template name="partintro" text="%t"/>
      <l:template name="preface" text="%t"/>
      <l:template name="procedure" text="&#1055;&#1088;&#1086;&#1094;&#1077;&#1076;&#1091;&#1088;&#1072;&#160;%n"/>
      <l:template name="productionset" text="%t"/>
      <l:template name="qandadiv" text="%t"/>
      <l:template name="qandaentry" text="&#1055;&#160;%n"/>
      <l:template name="qandaset" text="%t"/>
      <l:template name="question" text="&#1055;&#160;%n"/>
      <l:template name="reference" text="%t"/>
      <l:template name="refsection" text="%t"/>
      <l:template name="refsect1" text="%t"/>
      <l:template name="refsect2" text="%t"/>
      <l:template name="refsect3" text="%t"/>
      <l:template name="refsynopsisdiv" text="%t"/>
      <l:template name="segmentedlist" text="%t"/>
      <l:template name="set" text="%t"/>
      <l:template name="setindex" text="%t"/>
      <l:template name="sidebar" text="%t"/>
      <l:template name="table" text="&#1058;&#1072;&#1073;&#1083;&#1080;&#1094;&#1103; %n. %t"/>
      <l:template name="tip" text="%t"/>
      <l:template name="toc" text="%t"/>
      <l:template name="variablelist" text="%t"/>
      <l:template name="varlistentry" text="%n"/>
      <l:template name="warning" text="%t"/>
      <l:template name="page.citation" text=" [%p]"/>
   </l:context>

   <l:context name="section-xref">
      <l:template name="bridgehead" text="&#8220;%t&#8221;"/>
      <l:template name="refsection" text="&#8220;%t&#8221;"/>
      <l:template name="refsect1" text="&#8220;%t&#8221;"/>
      <l:template name="refsect2" text="&#8220;%t&#8221;"/>
      <l:template name="refsect3" text="&#8220;%t&#8221;"/>
      <l:template name="sect1" text="&#8220;%t&#8221;"/>
      <l:template name="sect2" text="&#8220;%t&#8221;"/>
      <l:template name="sect3" text="&#8220;%t&#8221;"/>
      <l:template name="sect4" text="&#8220;%t&#8221;"/>
      <l:template name="sect5" text="&#8220;%t&#8221;"/>
      <l:template name="section" text="&#8220;%t&#8221;"/>
      <l:template name="simplesect" text="&#8220;%t&#8221;"/>
   </l:context>

   <l:context name="section-xref-numbered">
      <l:template name="bridgehead" text="&#8220;%t&#8221;"/>
      <l:template name="refsection" text="&#8220;%t&#8221;"/>
      <l:template name="refsect1" text="&#8220;%t&#8221;"/>
      <l:template name="refsect2" text="&#8220;%t&#8221;"/>
      <l:template name="refsect3" text="&#8220;%t&#8221;"/>
      <l:template name="sect1" text="&#1055;&#1072;&#1088;&#1072;&#1075;&#1088;&#1072;&#1092; %n"/>
      <l:template name="sect2" text="&#1055;&#1072;&#1088;&#1072;&#1075;&#1088;&#1072;&#1092; %n"/>
      <l:template name="sect3" text="&#1055;&#1072;&#1088;&#1072;&#1075;&#1088;&#1072;&#1092; %n"/>
      <l:template name="sect4" text="&#1055;&#1072;&#1088;&#1072;&#1075;&#1088;&#1072;&#1092; %n"/>
      <l:template name="sect5" text="&#1055;&#1072;&#1088;&#1072;&#1075;&#1088;&#1072;&#1092; %n"/>
      <l:template name="section" text="&#1055;&#1072;&#1088;&#1072;&#1075;&#1088;&#1072;&#1092; %n"/>
      <l:template name="simplesect" text="&#8220;%t&#8221;"/>
   </l:context>

   <l:context name="authorgroup">
      <l:template name="sep" text=", "/>
      <l:template name="sep2" text="  "/>
      <l:template name="seplast" text=".  "/>
   </l:context>

   <l:context name="glossary">
      <l:template name="see" text="&#1044;&#1080;&#1074;. "/>
      <l:template name="seealso" text="&#1044;&#1080;&#1074;. &#1090;&#1072;&#1082;&#1086;&#1078; "/>
   </l:context>

   <l:context name="msgset">
      <l:template name="MsgAud" text="&#1040;&#1091;&#1076;&#1080;&#1090;&#1086;&#1088;&#1110;&#1103;: "/>
      <l:template name="MsgLevel" text="&#1056;&#1110;&#1074;&#1077;&#1085;&#1100;: "/>
      <l:template name="MsgOrig" text="&#1044;&#1078;&#1077;&#1088;&#1077;&#1083;&#1086;: "/>
   </l:context>
</l:l10n>
